Year,Course,Age,score,sleep,round_1_score,round_2_score,round_3_score,round_4_score,round_5_score,round_6_score,round_7_score,round_8_score,round_9_score,round_10_score,round_11_score,round_12_score,round_1_time,round_2_time,round_3_time,round_4_time,round_5_time,round_6_time,round_7_time,round_8_time,round_9_time,round_10_time,round_11_time,round_12_time,treatment,treatment1,treatment3,treatment4,treatment5,treatment6,treatment7,treatment8,shape,size,color,shape.lm,size.lm,color.lm,Sex,Sex.lm,Lenses,Lenses.lm,avg_score,avg_time,round_1,round_2,round_3,round_4,round_5,round_6,round_7,round_8,round_9,round_10,round_11,round_12,avg,log_avg
2nd,BS Statistics,20,10,5,4,5,6,4,8,7,10,3,6,5,5,7,3013,2200,2672,3288,3608,9264,19361,8918,41784,34391,52488,64272,1,1,0,0,0,0,0,0,hex,small,static,1,0,1,Male,1,Yes,1,5.93859649122807,27.310973684210527,1.3275804845668768,2.272727272727273,2.245508982035928,1.2165450121654502,2.2172949002217295,0.7556131260794473,0.5165022467847735,0.33639829558196904,0.14359563469270534,0.14538687447297258,0.09525986892242036,0.10891212347523027,0.6898912748817482,-0.3712212664418515
4th,BS Statistics,21,13,7,4,5,6,7,8,9,10,11,12,13,9,13,5580,2217,3433,6991,6687,18088,39056,42943,112999,110975,156505,77233,1,1,0,0,0,0,0,0,hex,small,static,1,0,1,Female,0,Yes,1,9.87719298245614,64.30165789473683,0.7168458781362007,2.2552999548940007,1.747742499271774,1.0012873694750393,1.196351129056378,0.49756744803184433,0.2560426054895535,0.25615350581002727,0.10619563004982345,0.11714350078846587,0.05750614996325996,0.168321831341525,0.5016974315172863,-0.6897580670639618
2nd,BS Geography,22,9,8,4,5,6,7,8,9,7,6,8,8,7,3,2484,2255,2615,6503,7576,15201,45144,54800,76032,44407,96121,52576,1,1,0,0,0,0,0,0,hex,small,static,1,0,1,Female,0,Yes,1,6.578947368421052,43.492,1.6103059581320451,2.2172949002217295,2.294455066921606,1.0764262648008611,1.0559662090813093,0.5920663114268798,0.15505936558568137,0.10948905109489052,0.10521885521885523,0.18015177787285788,0.07282487697797568,0.057060255629945225,0.5336909102568399,-0.6279384273465047
1st,BS Statistics,18,10,4,4,5,6,7,8,9,10,5,10,11,12,9,3483,3231,3744,4520,9191,14120,34375,21374,84855,47928,41783,77712,1,1,0,0,0,0,0,0,hex,small,static,1,0,1,Male,1,Yes,1,8.701754385964913,37.33007894736842,1.1484352569623888,1.547508511296812,1.6025641025641026,1.5486725663716814,0.8704167120008705,0.6373937677053825,0.2909090909090909,0.2339290727051558,0.11784809380708267,0.22951093306626608,0.28719814278534334,0.11581222977146387,0.5361872033301425,-0.6232719189440963
4th,BS  Statistics,22,7,3,4,5,6,7,6,7,6,9,3,4,1,5,3724,4288,5432,7968,8144,12905,29664,21343,31696,20864,10176,26225,1,1,0,0,0,0,0,0,hex,small,static,1,0,1,Female,0,Yes,1,5.026315789473684,17.76172807017544,1.0741138560687433,1.166044776119403,1.1045655375552283,0.8785140562248996,0.7367387033398821,0.5424254165052306,0.2022653721682848,0.42168392447172376,0.09464916708732964,0.19171779141104295,0.09827044025157233,0.19065776930409914,0.4228452647929001,-0.8607489711306666
3rd,BS Statistics,21,14,6,4,5,6,7,8,7,10,11,12,13,14,12,4900,5744,5344,5808,6527,11552,11913,18167,42160,67991,66752,95791,1,1,0,0,0,0,0,0,hex,small,static,1,0,1,Male,1,Yes,1,10.201754385964913,38.22269298245614,0.8163265306122449,0.8704735376044568,1.122754491017964,1.2052341597796143,1.2256779531178184,0.6059556786703602,0.8394191219675984,0.6054934771839049,0.2846299810246679,0.19120177670574046,0.20973154362416108,0.12527272917079893,0.5598333288989645,-0.5801161665187724
2nd,BS Statistics,20,7,8,4,5,6,7,6,6,7,6,4,5,7,4,11915,3545,3320,5449,5017,10489,14152,21319,17120,19328,8697,26768,1,1,0,0,0,0,0,0,hex,small,static,1,0,1,Male,1,No,0,5.5701754385964914,14.157859649122807,0.3357112882920688,1.4104372355430184,1.8072289156626506,1.284639383373096,1.1959338249950169,0.5720278386881494,0.4946297343131713,0.2814390918898635,0.2336448598130841,0.2586920529801324,0.8048752443371278,0.14943215780035865,0.6198701737260398,-0.4782452200857227
1st,BS Statistics,20,8,8,4,5,6,5,8,7,6,9,5,3,5,3,3595,1808,2297,2975,3368,11800,7776,15936,27103,29704,55407,39752,1,1,0,0,0,0,0,0,hex,small,static,1,0,1,Female,0,Yes,1,5.368421052631579,22.17186842105263,1.1126564673157162,2.765486725663717,2.61210274270788,1.680672268907563,2.375296912114014,0.5932203389830508,0.7716049382716049,0.5647590361445783,0.18448142272073204,0.10099649878804201,0.09024130525023914,0.0754679009861139,0.7886602395564565,-0.23741967248182
2nd,BS Statistics,21,15,8,4,5,6,7,8,7,7,9,12,13,14,15,2690,2784,3752,6151,7096,17512,33191,64577,77935,113257,305248,267824,1,1,0,0,0,0,0,0,hex,small,static,1,0,1,Male,1,Yes,1,10.140350877192983,105.66030701754386,1.486988847583643,1.7959770114942528,1.5991471215351811,1.1380263371809463,1.1273957158962795,0.39972590223846505,0.21090054532855293,0.13936850581476376,0.15397446590107142,0.1147831922088701,0.04586434636754377,0.05600692992412928,0.4699100463981019,-0.7552139932378954
3rd,BA Psych,21,10,6,4,5,6,7,8,7,10,4,6,8,7,1,5839,3488,9144,10632,27824,52495,41847,38886,81825,91446,87593,63607,1,1,0,0,0,0,0,0,hex,small,static,1,0,1,Female,0,No,0,6.017543859649122,53.179403508771934,0.6850488097276931,1.43348623853211,0.6561679790026247,0.6583897667419112,0.2875215641173088,0.13334603295551958,0.2389657562071355,0.10286478424111506,0.07332722273143905,0.08748332349145944,0.07991506170584407,0.01572154008206644,0.25304090802036205,-1.3742041115452366
2nd,BS Statistics,20,15,6,4,5,6,7,8,9,10,11,12,13,12,15,3699,5280,10008,11599,16511,51007,43528,68762,136320,90856,120408,92330,1,1,0,0,0,0,0,0,hex,small,static,1,0,1,Male,1,No,0,10.508771929824562,68.88491228070176,1.0813733441470668,0.946969696969697,0.5995203836930456,0.6035003017501509,0.4845254678699049,0.17644637010606387,0.22973718066531887,0.15997207760100055,0.0880281690140845,0.1430835607995069,0.09966115208291808,0.16246073865482508,0.29080564506640283,-1.235100121315854
3rd,BS Statistics,21,11,6,4,5,6,7,8,9,10,11,5,6,8,4,2259,2464,2832,4887,11640,21216,7480,23447,28552,25768,43544,23512,1,1,0,0,0,0,0,0,hex,small,static,1,0,1,Male,1,Yes,1,7.035087719298246,20.431947368421053,1.7706949977866313,2.029220779220779,2.1186440677966103,1.4323715981174545,0.6872852233676976,0.4242081447963801,1.3368983957219251,0.46914317396681876,0.17511908097506304,0.2328469419434958,0.18372221201543268,0.1701258931609391,0.6847851054772971,-0.37865020457032394
4th,BS Statistics,22,9,6,4,5,6,7,8,9,8,9,10,4,5,6,4316,2432,2743,4888,7376,11856,25978,34440,36104,53785,27534,31287,1,1,0,0,0,0,0,0,hex,small,static,1,0,1,Female,0,No,0,6.859649122807017,25.1900350877193,0.9267840593141798,2.0559210526315788,2.187386073641998,1.4320785597381342,1.0845986984815619,0.7591093117408907,0.30795288320886904,0.2613240418118467,0.27697762020828715,0.07437017755879892,0.18159366601292948,0.19177294083804775,0.5991923134516546,-0.51217267487934
4th,BS Statistics,22,8,5,4,5,6,7,8,5,5,6,6,6,6,4,2475,2280,2375,3152,6112,12431,12040,18720,29975,12407,14393,18336,1,1,0,0,0,0,0,0,hex,small,static,1,0,1,Male,1,Yes,1,5.657894736842105,13.52843859649123,1.6161616161616161,2.192982456140351,2.526315789473684,2.220812182741117,1.3089005235602094,0.4022202558120827,0.4152823920265781,0.32051282051282054,0.20016680567139283,0.4835979688885307,0.4168693114708539,0.2181500872600349,0.7692981327296093,-0.2622766957532507
1st,BS Statistics,19,11,6,4,5,6,7,8,7,7,11,5,8,8,3,3740,7632,5376,7553,6448,16199,19031,21337,32001,57392,29368,46409,1,1,0,0,0,0,0,0,hex,small,static,1,0,1,Male,1,Yes,1,6.7105263157894735,26.298543859649122,1.0695187165775402,0.6551362683438156,1.1160714285714286,0.9267840593141798,1.2406947890818858,0.43212543984196555,0.3678209237559771,0.5155363921825936,0.15624511734008312,0.13939224979091164,0.27240533914464726,0.0646426339718589,0.45940197307389424,-0.7778296938432533
4th,BS Statistics,22,10,7,4,5,6,4,8,9,10,7,8,7,9,7,4012,4280,4529,6056,7544,18999,31256,34264,71087,80600,91728,56881,1,1,0,0,0,0,0,0,hex,small,static,1,0,1,Female,0,No,0,7.412280701754386,44.43922807017544,0.9970089730807578,1.1682242990654206,1.3247957606535659,0.6605019815059445,1.0604453870625663,0.4737091425864519,0.31993857179421553,0.20429605416763952,0.11253815746901684,0.08684863523573201,0.09811616954474098,0.12306394050737504,0.4060886767070846,-0.9011837276949135
3rd,BS Statistics,21,14,7,4,5,6,3,8,9,4,7,12,13,14,7,3448,6193,2897,17001,5592,15383,21438,30751,64656,101976,135840,178704,1,1,0,0,0,0,0,0,hex,small,static,1,0,1,Male,1,Yes,1,8.543859649122806,66.67412280701754,1.160092807424594,0.80736315194574515,2.0711080428028996,0.1764602082230457,1.4306151645207439,0.5850614314503023,0.186584569456106,0.22763487366264512,0.1855976243504083,0.12748097591590177,0.10306242638398115,0.03917091950935626,0.4327563346403715,-0.8375804469269544
3rd,BS Statistics,20,13,5,4,5,6,7,6,6,5,11,5,13,12,7,3322,4248,7440,8240,19975,16913,47904,77528,138481,101592,99776,184872,1,1,0,0,0,0,0,0,hex,small,static,1,0,1,Female,0,Yes,1,7.9035087719298245,78.36074561403508,1.2040939193257074,1.177024482109228,0.8064516129032258,0.8495145631067961,0.30037546933667086,0.3547566960326376,0.10437541750167001,0.14188422247446084,0.03610603620713311,0.127962831719033,0.12026940346375882,0.03786403565710329,0.2985581208633419,-1.208790655343026
1st,BS Statistics,19,9,4.5,4,5,6,4,8,9,5,4,5,6,3,4,4017,3303,7529,13674,8520,29648,22369,36280,60951,55864,77352,46136,1,1,0,0,0,0,0,0,hex,small,static,1,0,1,Female,0,No,0,5.12280701754386,38.27937719298246,0.9957679860592482,1.5137753557372087,0.796918581484925,0.292525961679099,0.9389671361502347,0.3035617916891527,0.2235236264473155,0.11025358324145534,0.08203310856261588,0.10740369468709723,0.03878374185541421,0.08670019074041962,0.3183954510428547,-1.1444611120396757
2nd Year,BS Statistics,20,8,6,4,5,6,5,8,4,7,9,4,4,9,3,3428,3888,7088,13184,11216,36928,46336,66993,86360,46712,78832,55688,1,1,0,0,0,0,0,0,hex,small,static,1,0,1,Female,0,Yes,1,5.719298245614035,47.13048245614035,1.1668611435239207,1.286008230452675,0.8465011286681715,0.379247572815534,0.7132667617689016,0.10831889081455806,0.15107044198895028,0.13434239398146075,0.04631773969430292,0.08563110121596164,0.1141668358027197,0.05387157017669875,0.2857554984146695,-1.2526187344462552
4th,BS Statistics,22,15,6,4,5,6,7,8,7,8,11,10,6,14,15,5268,2185,3080,4185,5423,14928,27384,33992,62047,46761,95095,102145,1,1,0,0,0,0,0,0,hex,small,static,1,0,1,Female,0,No,0,9.412280701754385,44.923,0.7593014426727411,2.288329519450801,1.948051948051948,1.6726403823178018,1.4751982297621242,0.46891747052518756,0.29214139643587494,0.32360555424805837,0.16116814672748078,0.1283120549175595,0.1472211998527788,0.14685006608252973,0.598635860791467,-0.513101777587361
4th,BA European Languages,23,8,7,2,5,6,5,8,4,6,8,6,10,5,3,2459,4240,2281,8048,5201,12328,27705,33144,27585,48711,78407,52968,1,1,0,0,0,0,0,0,hex,small,static,1,0,1,Female,0,Yes,1,5.868421052631579,32.90993859649123,0.813338755591704,1.179245283018868,2.63042525208242,0.621272365805169,1.5381657373582003,0.3244646333549643,0.2165674066053059,0.24137098720733768,0.21750951604132682,0.2052924390794687,0.0637698164704682,0.05663797009515179,0.4942856571713049,-0.7046416755350703
2nd,BS Statistics,19,15,5,4,5,6,7,8,9,6,11,9,13,10,15,3506,3008,4232,4888,13080,31984,39599,68344,69128,134344,88785,285520,1,1,0,0,0,0,0,0,hex,small,static,1,0,1,Female,0,Yes,1,9.596491228070175,85.35736842105263,1.1409013120365088,1.6622340425531914,1.4177693761814745,1.4320785597381342,0.6116207951070336,0.28139069534767386,0.15151897775196344,0.1609504857778298,0.13019326466844117,0.09676650985529685,0.11263163822717802,0.05253572429251891,0.41493185947313427,-0.8796409662733963
2nd,BS Statistics,20,15,5,4,5,6,7,8,4,6,7,8,13,10,15,2615,2855,4280,8520,9224,34057,40031,40855,102864,135599,250367,360280,1,1,0,0,0,0,0,0,hex,small,static,1,0,1,Female,0,No,0,8.710526315789474,116.1979649122807,1.5296367112810707,1.7513134851138354,1.4018691588785046,0.8215962441314554,0.8673026886383348,0.1174501570895851,0.14988384002398142,0.17133765756945293,0.07777259293824856,0.09587091350231196,0.03994136607460248,0.04163428444543133,0.3840334637878628,-0.9570255849104469
4th,BS Statistics,21,15,5,2,5,6,7,8,7,10,9,12,13,12,15,24908,11168,7048,9775,11896,20408,65456,76616,111784,91488,94505,123256,1,1,0,0,0,0,0,0,hex,small,static,1,0,1,Female,0,No,0,10.087719298245615,67.93879824561404,0.08029548739360848,0.4477077363896848,0.8513053348467651,0.7161125319693095,0.6724949562878278,0.3430027440219522,0.15277438279149352,0.11746893599248198,0.1073498890717813,0.14209513816019587,0.12697740860271944,0.12169792951255923,0.26934925405957394,-1.3117463992688445
3rd,BS Statistics,22,9,8,4,5,6,5,8,9,7,4,2,5,9,5,3674,6209,3823,9081,8009,8376,14991,18960,16689,33232,17761,18248,2,0,0,0,0,0,0,0,square,small,static,0,0,1,Female,0,No,0,5.798245614035087,15.656403508771929,1.0887316276537833,0.8052826542116283,1.5694480774261053,0.5506001541680432,0.9988762642027719,1.0744985673352436,0.4669468347675272,0.2109704641350211,0.1198394151836539,0.15045739046701975,0.5067282247621192,0.2740026304252521,0.5342291549081547,-0.626930403029988
1st,BS Statistics,18,9,4,4,5,6,7,8,9,4,9,10,9,11,7,3367,3352,7696,6552,6481,19159,30720,60608,88088,97408,51240,142944,2,0,0,0,0,0,0,0,square,small,static,0,0,1,Male,1,No,0,7.947368421052632,57.064166666666665,1.188001188001188,1.4916467780429594,0.7796257796257796,1.0683760683760684,1.2343774108933807,0.46975311863875985,0.13020833333333334,0.14849524815205914,0.11352284079556807,0.09239487516425755,0.21467603434816548,0.048970226102529664,0.4184945575052895,-0.871091393903503
2nd,BS Statistics,21,15,9,4,5,6,7,8,9,8,11,12,13,14,15,3264,4079,4776,7193,6001,25824,68104,60392,120825,113465,39015,252954,2,0,0,0,0,0,0,0,square,small,static,0,0,1,Female,0,Yes,1,10.578947368421053,78.97981578947368,1.2254901960784315,1.2257906349595489,1.256281407035176,0.9731683581259558,1.3331111481419764,0.34851301115241634,0.1174674027957242,0.18214333024241622,0.09931719428926133,0.11457277574582471,0.35883634499551453,0.05929931924381508,0.44697358674646387,-0.8052557761671076
3rd,BS Statistics,22,14,5,4,5,6,7,8,9,10,7,12,13,14,8,11108,2656,6208,4800,17807,12751,44391,45494,95800,76160,72784,156169,2,0,0,0,0,0,0,0,square,small,static,0,0,1,Female,0,No,0,9.447368421052632,59.92377192982457,0.3601008282319049,1.8825301204819278,0.9664948453608248,1.4583333333333333,0.44926152636603583,0.7058269939612579,0.22527088824311234,0.15386644392667165,0.12526096033402923,0.17069327731092437,0.19234996702571994,0.05122655584655085,0.4204874846328804,-0.8663405630729896
3rd,BS Statistics,21,10,6,4,5,6,5,6,9,10,7,7,9,11,6,2260,1968,1951,3599,4183,6367,12809,17688,16688,27561,24194,26689,2,0,0,0,0,0,0,0,square,small,static,0,0,1,Female,0,No,0,7.5701754385964914,15.498280701754386,1.7699115044247788,2.540650406504065,3.0753459764223474,1.3892747985551541,1.4343772412144393,1.4135385581906705,0.7807010695604653,0.39574853007688826,0.41946308724832215,0.32654838358550126,0.45465817971397865,0.22481172018434561,0.9064305555339811,-0.09824085896498012
4th,BS Statistics,22,14,4,4,5,6,7,8,6,10,11,10,13,14,13,3678,5159,9687,8103,11152,22185,56088,41128,77200,61688,62384,91889,2,0,0,0,0,0,0,0,square,small,static,0,0,1,Female,0,Yes,1,10.043859649122806,47.69801754385965,1.0875475802066341,0.9691800736576855,0.6193868070610096,0.8638775762063433,0.7173601147776184,0.2704530087897228,0.1782912565967765,0.26745769305582573,0.12953367875647667,0.21073790688626637,0.2244165170556553,0.14147504053804047,0.36329310116916397,-1.0125453292852287
1,BS Statistics,19,14,8.5,4,5,6,4,8,3,8,9,12,11,14,8,2340,2681,3833,5919,10687,23064,27296,57968,26791,42072,36849,69521,2,0,0,0,0,0,0,0,square,small,static,0,0,1,Female,0,Yes,1,8.578947368421053,32.61407894736842,1.7094017094017093,1.864975755315181,1.5653535090007826,0.6757898293630681,0.7485730326564985,0.13007284079084286,0.29308323563892147,0.15525807341981784,0.4479116121085439,0.26145655067503326,0.37992889902032617,0.11507314336675249,0.5079124798856974,-0.6774461299357668
3rd,BS Statistics,21,15,4,4,5,6,7,8,4,7,11,12,13,14,15,3974,2928,4464,7199,13568,50584,82863,103935,113848,121584,96272,189400,2,0,0,0,0,0,0,0,square,small,static,0,0,1,Female,0,No,0,10.096491228070175,85.78073684210527,1.0065425264217414,1.7076502732240437,1.3440860215053763,0.9723572718433116,0.589622641509434,0.07907638779060573,0.08447678698574757,0.10583537788040602,0.10540369615627855,0.10692196341623898,0.14542130629882,0.0791974656810982,0.35747152898387624,-1.0286995592253851
2nd,BS Statistics,20,15,5,4,5,6,7,8,9,10,11,12,13,14,15,4179,3864,9367,9360,14008,22704,184272,95263,79721,53584,164968,237816,2,0,0,0,0,0,0,0,square,small,static,0,0,1,Female,0,Yes,1,10.75438596491228,95.56848245614034,0.957166786312515,1.2939958592132506,0.640546599765133,0.7478632478632479,0.5711022272986864,0.3964059196617336,0.05426760441087089,0.11546980464608504,0.15052495578329425,0.24260973424902957,0.08486494350419475,0.06307397315571703,0.31948007532054373,-1.1410603691731678
3rd,BS Statistics,20,15,6,4,5,6,7,8,9,8,11,12,13,14,15,4797,6216,9376,26456,31681,50560,116688,76839,94095,114921,97983,142927,2,0,0,0,0,0,0,0,square,small,static,0,0,1,Female,0,No,0,10.578947368421053,80.27274561403509,0.8338544923910778,0.8043758043758044,0.6399317406143344,0.26459026307831873,0.25251728165146303,0.17800632911392406,0.06855889208830385,0.14315647002173376,0.1275306870715766,0.11312118759843719,0.14288192849780063,0.10494868009543333,0.22374601286908782,-1.4972437415654387
1st,BS Statistics,19,13,5,4,5,6,7,8,9,10,8,9,13,7,10,1876,2040,3230,3799,4056,7169,17351,31064,26161,36680,38543,83879,2,0,0,0,0,0,0,0,square,small,static,0,0,1,Male,1,Yes,1,8.631578947368421,28.635254385964913,2.1321961620469083,2.450980392156863,1.8575851393188854,1.8425901553040274,1.9723865877712032,1.2554052169061236,0.5763356578871535,0.25753283543651817,0.34402354650051603,0.3544165757906216,0.1816153387126067,0.11921935168516554,0.8207709562767515,-0.19751118984476415
1st,Bs Business Administration and Accpuntancy,19,10,6,4,5,6,7,8,9,10,9,9,9,10,9,3099,2728,3079,10431,7841,17952,59142,35273,31159,54047,42631,75216,2,0,0,0,0,0,0,0,square,small,static,0,0,1,Female,0,Yes,1,8.508771929824562,36.165254385964914,1.2907389480477574,1.8328445747800586,1.948684637869438,0.671076598600326,1.02027802576202,0.5013368983957219,0.16908457610496772,0.2551526663453633,0.2888411052986296,0.1665217310859067,0.234571086767845,0.1196553924696873,0.5140202275044916,-0.6654926611797067
4th,BS Statistics,21,14,5,4,5,6,7,8,9,10,11,8,13,14,11,3853,3319,3463,7846,7800,21224,33128,32248,39264,62952,84601,111095,2,0,0,0,0,0,0,0,square,small,static,0,0,1,Female,0,No,0,9.807017543859649,45.50450877192982,1.0381520892810796,1.5064778547755349,1.7326017903551834,0.8921743563599286,1.0256410256410255,0.4240482472672446,0.30185945423810673,0.34110642520466383,0.20374898125509372,0.20650654466895413,0.16548267750972212,0.09901435708177686,0.4916640545170058,-0.7099596117372077
2nd,BS Statistics,20,15,7,4,5,6,5,8,9,8,9,9,4,12,15,3914,3768,4591,6566,6584,17376,23161,24887,32376,54664,102191,198526,2,0,0,0,0,0,0,0,square,small,static,0,0,1,Female,0,No,0,8.675438596491228,55.5275,1.021972406745018,1.326963906581741,1.306904813766064,0.7614986293024673,1.2150668286755772,0.5179558011049724,0.3454082293510643,0.36163458833929363,0.27798369162342473,0.07317430118542367,0.11742717069017819,0.0755568540140838,0.462923083043509,-0.770194366032411
2nd,BS Statistics,20,15,5,4,5,6,7,8,9,8,9,10,9,14,15,5250,5401,10055,18544,23049,55800,169000,72360,81743,63448,58535,145128,2,0,0,0,0,0,0,0,square,small,static,0,0,1,Female,0,No,0,9.719298245614034,72.0425,0.7619047619047619,0.9257544899092761,0.5967180507210343,0.37748058671268336,0.34708664150288515,0.16129032258064516,0.047337278106508875,0.12437810945273632,0.12233463415827656,0.1418484428193166,0.23917314427265737,0.10335703654704813,0.2471905865205952,-1.397595634541983
2nd,BS Statistics,20,9,7,4,5,6,7,8,9,6,6,0,9,6,6,2172,5248,9753,9703,20232,20616,97807,81384,57808,53303,11799,165375,2,0,0,0,0,0,0,0,square,small,static,0,0,1,Male,1,Yes,1,6.035087719298246,56.26760526315789,1.8416206261510129,0.9527439024390244,0.6151953245155337,0.7214263629805215,0.39541320680110714,0.43655413271245636,0.06134530248346233,0.07372456502506636,0,0.16884603118023375,0.5085176709890669,0.036281179138321996,0.34426787789431706,-1.0663352098407428
3rd,BS Statistics,21,15,5,4,5,6,7,8,9,6,9,8,13,14,15,5410,6863,8072,11768,12184,43552,63488,53448,64944,127071,98881,222815,2,0,0,0,0,0,0,0,square,small,static,0,0,1,Male,1,Yes,1,9.789473684210526,79.44579824561403,0.7393715341959335,0.7285443683520326,0.7433102081268583,0.5948334466349422,0.6565988181221274,0.20664952240999265,0.09450604838709678,0.16838796587337224,0.1231830500123183,0.10230501058463379,0.1415843286374531,0.06732042277225501,0.27135102095746394,-1.3043420159684178
3rd,BS Statistics,21,14,8.5,4,5,6,4,8,5,6,11,5,9,14,2,2893,2856,2728,6591,13559,21071,47600,54447,33432,71432,87776,118176,2,0,0,0,0,0,0,0,square,small,static,0,0,1,Male,1,Yes,1,7,50.81306140350877,1.38264777048047,1.7507002801120448,2.19941348973607,0.6068881808526779,0.5900140128328047,0.23729296189075033,0.12605042016806722,0.20203133322313443,0.14955731036133046,0.12599395229029006,0.15949690120306234,0.016923910100189548,0.42093695338716725,-0.86527221093885
3rd,BS Statistics,21,11,6,4,5,6,7,8,9,10,11,10,2,7,3,2299,4376,6263,11504,17392,35976,61087,92543,89966,61512,40144,22135,2,0,0,0,0,0,0,0,square,small,static,0,0,1,Male,1,No,0,6.850877192982456,43.984508771929825,1.7398869073510221,1.1425959780621573,0.9580073447229762,0.6084840055632823,0.45998160073597055,0.2501667778519013,0.16370095110252592,0.11886366337810532,0.11115310228308473,0.032513981011835086,0.17437225986448784,0.1355319629545968,0.3314608184623479,-1.1042456710254787
3rd,BS Statistics,21,14,7,4,5,6,5,8,9,10,6,12,8,14,11,3388,3223,8791,10479,22127,20545,69823,60912,88696,31384,55465,141223,2,0,0,0,0,0,0,0,square,small,static,0,0,1,Male,1,No,0,9.052631578947368,54.85217543859649,1.1806375442739079,1.5513496742165684,0.6825162097599818,0.47714476572192005,0.36154923848691645,0.43806278899975665,0.1432192830442691,0.09850275807722617,0.1352935870839722,0.2549069589599796,0.25241143063193006,0.07789099509286732,0.34126780536582946,-1.075087756947931
1st,BS Statistics,18,9,4.5,4,5,6,7,8,9,6,6,7,6,11,6,2667,5656,6529,8136,6831,12064,22160,18393,10238,18608,20536,17368,2,0,0,0,0,0,0,0,square,small,static,0,0,1,Male,1,Yes,1,7.043859649122807,14.342149122807017,1.4998125234345707,0.884016973125884,0.9189768724153775,0.8603736479842674,1.1711316059142145,0.7460212201591512,0.27075812274368233,0.326211058554885,0.6837272904864231,0.32244196044711954,0.5356447214647448,0.34546292031321973,0.6088807132183406,-0.49613290366259677
2nd,bs statistics,21,15,6,4,5,6,7,8,7,10,8,12,13,14,15,2820,2064,3848,2487,2767,4480,34319,33306,56512,98080,67382,69336,2,0,0,0,0,0,0,0,square,small,static,0,0,1,Female,0,Yes,1,10.307017543859649,41.84807894736842,1.4184397163120568,2.4224806201550386,1.5592515592515592,2.8146361077603537,2.8912179255511385,1.5625,0.2913837815787173,0.24019696150843692,0.21234428086070214,0.13254486133768353,0.2077706212341575,0.21633783316026306,0.8773459880267088,-0.13085385126646318
4th,BS Statistics,22,15,9,4,5,6,7,8,9,10,11,12,13,14,15,2852,2746,3945,7847,7440,16256,52512,67983,92928,108879,92495,194409,2,0,0,0,0,0,0,0,square,small,static,0,0,1,Female,0,No,0,10.75438596491228,73.01861403508772,1.402524544179523,1.820830298616169,1.520912547528517,0.8920606601248885,1.075268817204301,0.5536417322834646,0.19043266301035955,0.16180515717164584,0.12913223140495866,0.11939859844414441,0.15135953294772692,0.07715692174744997,0.47132820093977945,-0.7522006103482498
3rd,BS Statistics,22,12,3,4,5,6,7,8,7,10,11,12,10,11,12,6603,3727,9448,13799,26295,57288,102175,119296,132056,78999,64544,148240,2,0,0,0,0,0,0,0,square,small,static,0,0,1,Female,0,No,0,9.491228070175438,78.9224649122807,0.6057852491291837,1.3415615776764154,0.6350550381033023,0.5072831364591637,0.30424034987640236,0.12218963831867058,0.09787129924149743,0.09220761802575107,0.09087053977100625,0.12658388080861782,0.17042637580565195,0.08094981111710739,0.24872930490447462,-1.3913901027683655
4th,BS Statistics,22,15,7,4,5,6,7,8,9,10,11,7,13,14,15,2108,1577,2791,7376,2992,16857,31511,31240,34841,43616,39535,104817,2,0,0,0,0,0,0,0,square,small,static,0,0,1,Female,0,Yes,1,10.228070175438596,35.35034210526316,1.8975332068311195,3.170577045022194,2.149767108563239,0.9490238611713666,2.6737967914438503,0.5339028296849974,0.31734949700104725,0.352112676056338,0.20091271777503517,0.29805575935436535,0.35411660553939545,0.14310655714244827,0.7861134233066303,-0.2406541925024561
4th,BS Statistics,21,15,6,4,5,6,7,8,9,10,11,10,8,7,15,4903,2936,3015,3817,4640,14167,34872,21096,39295,66640,96193,84039,3,0,1,0,0,0,0,0,hex,large,static,1,1,1,Female,0,Yes,1,9.114035087719298,41.83900877192983,0.8158270446665307,1.7029972752043596,1.9900497512437811,1.8339009693476551,1.7241379310344827,0.6352791699018847,0.28676301904106444,0.521425862722791,0.2544853034737244,0.12004801920768307,0.0727703679061886,0.1784885588833756,0.6401788765847387,-0.4460076470161225
2nd,BS Statistics,20,13,4,4,5,6,7,8,7,10,11,4,13,9,3,2473,1880,2080,1928,3105,5585,18199,12455,26295,56985,58425,102255,3,0,1,0,0,0,0,0,hex,large,static,1,1,1,Male,1,No,0,7.56140350877193,33.74989473684211,1.6174686615446825,2.6595744680851063,2.8846153846153846,3.6307053941908713,2.576489533011272,1.2533572068039391,0.5494807407000385,0.8831794460056203,0.15212017493820118,0.22813020970430814,0.1540436456996149,0.029338418659234266,1.0261413301501583,0.025805485946463733
1st,BS Computer Engineering,19,8,6,4,5,6,7,8,7,8,9,9,6,5,9,1979,2119,1337,2488,4247,6280,15526,22127,9478,89479,64575,57848,3,0,1,0,0,0,0,0,hex,large,static,1,1,1,Male,1,Yes,1,7.219298245614035,31.419605263157894,2.02122283981809,2.359603586597452,4.487658937920718,2.8135048231511255,1.8836825994819872,1.1146496815286624,0.5152647172484864,0.406742893297781,0.9495674192867694,0.06705483968305412,0.07742934572202866,0.15558014105932788,1.0255768290660998,0.025255214364797468
3rd,BS Statistics,20,12,9,4,5,6,7,8,5,7,7,12,11,12,13,6507,5560,5239,5263,8352,41671,110736,87953,151080,154161,164672,243706,3,0,1,0,0,0,0,0,hex,large,static,1,1,1,Female,0,No,0,9.052631578947368,108.91975438596492,0.6147226064238512,0.8992805755395683,1.1452567283832793,1.3300399011970359,0.9578544061302682,0.11998752129778503,0.06321340846698453,0.07958796175229953,0.07942811755361398,0.07135397409202068,0.07287213369607462,0.05334296242193463,0.32533799095309845,-1.1228906648854375
1st,BS Statistics,19,14,2,4,5,6,7,8,9,6,4,4,13,14,0,2785,4703,5432,6384,10927,23176,66568,35800,56440,88352,182225,36560,3,0,1,0,0,0,0,0,hex,large,static,1,1,1,Female,0,No,0,6.912280701754386,56.07737719298246,1.436265709156194,1.06315118009781,1.1045655375552283,1.0964912280701755,0.7321314175894573,0.3883327580255437,0.09013339742819372,0.11173184357541899,0.07087172218284904,0.14713871785584934,0.07682809713266565,0,0.3568854239795708,-1.0303404899488529
3rd,BS Statistics,23,10,3.5,4,5,6,7,8,6,10,7,8,10,9,2,6912,8496,25192,8784,10111,32736,106119,93040,58792,51744,125496,81895,3,0,1,0,0,0,0,0,hex,large,static,1,1,1,Female,0,Yes,1,7.043859649122807,62.33732456140351,0.5787037037037037,0.588512241054614,0.2381708478882185,0.7969034608378871,0.7912174859064385,0.18328445747800587,0.09423383183030372,0.07523645743766122,0.13607293509320997,0.1932591218305504,0.0717154331612163,0.02442151535502778,0.2414872569074684,-1.420938573710409
2nd,BS Statistics,20,8,4.5,4,5,6,7,8,7,8,4,7,9,6,7,8570,13968,6448,3224,9520,29271,49056,32311,25985,22671,41176,31839,3,0,1,0,0,0,0,0,hex,large,static,1,1,1,Female,0,Yes,1,6.728070175438597,26.417087719298245,0.46674445740956827,0.3579610538373425,0.9305210918114144,2.1712158808933,0.8403361344537815,0.23914454579618052,0.16307893020221786,0.12379684937018352,0.2693861843371176,0.39698292973402144,0.14571595103944046,0.21985615126103206,0.4389231871130876,-0.8234308536239686
4th,BS Statistics,NA,10,5,4,5,6,7,8,4,10,4,8,11,4,4,8370,4201,4513,4905,13304,31103,72121,44680,40385,73672,13639,35904,3,0,1,0,0,0,0,0,hex,large,static,1,1,1,Female,0,Yes,1,6.359649122807017,34.094815789473685,0.4778972520908005,1.19019281123542,1.3294925769997785,1.4271151885830784,0.6013229104028863,0.12860495772112016,0.1386558699962563,0.08952551477170993,0.19809335149189056,0.14931045716147248,0.29327663318425107,0.11140819964349376,0.38827924677209485,-0.9460304900490926
3rd,BS Statistics,23,15,5,4,5,6,5,8,2,10,11,12,11,14,15,2562,1944,2928,4392,6808,23520,61952,26320,65272,104952,108591,214360,3,0,1,0,0,0,0,0,hex,large,static,1,1,1,Male,1,No,0,9.850877192982455,71.28752631578948,1.56128024980484,2.57201646090535,2.0491803278688523,1.138433515482696,1.1750881316098707,0.08503401360544217,0.16141528925619836,0.41793313069908816,0.1838460595661233,0.1048098178214803,0.12892412815058338,0.06997574174286247,0.5453509004529985,-0.6063258374617811
4th,BS Statistics,22,14,6,4,5,6,7,8,9,8,7,4,4,14,9,2574,2335,2303,2969,4488,8399,26464,19505,49393,43872,134423,67591,3,0,1,0,0,0,0,0,hex,large,static,1,1,1,Male,1,Yes,1,7.535087719298246,41.281587719298244,1.554001554001554,2.1413276231263385,2.605297438124186,2.357696194004715,1.7825311942959001,1.0715561376354328,0.3022974607013301,0.3588823378620866,0.08098313526208167,0.09117432530999271,0.10414884357587616,0.13315382225444217,0.7504008107987031,-0.28714780080202895
3rd,BS Statistics,23,10,8,4,5,6,7,6,5,10,9,5,9,7,11,3820,2455,2808,2479,7784,10160,30112,39368,34503,47857,75271,119848,3,0,1,0,0,0,0,0,hex,large,static,1,1,1,Female,0,No,0,7.526315789473684,42.43269298245614,1.0471204188481675,2.0366598778004072,2.1367521367521367,2.8237192416296892,0.7708119218910586,0.4921259842519685,0.33209351753453775,0.2286120707173339,0.1449149349331942,0.18806026286645633,0.09299730307821073,0.09178292503838195,0.6162464431410573,-0.48410832542111143
2nd,BS FLCD,20,11,8,2,5,6,7,6,5,3,11,5,7,3,2,4399,5999,8326,5088,9095,11391,15871,20072,14473,15952,57985,6719,3,0,1,0,0,0,0,0,hex,large,static,1,1,1,Female,0,Yes,1,5.131578947368421,17.382201754385967,0.4546487838145033,0.833472245374229,0.720634158059092,1.3757861635220126,0.6597031335898845,0.43894302519532963,0.1890240060487682,0.5480271024312475,0.3454708768050853,0.43881644934804415,0.05173751832370441,0.2976633427593392,0.4572496026224017,-0.78252586077135
3rd,BS Statistics,22,13,8,4,5,4,7,8,7,5,7,12,13,10,6,7249,3479,2249,11248,11569,9176,28663,22671,20015,46431,67768,86831,3,0,1,0,0,0,0,0,hex,large,static,1,1,1,Female,0,No,0,7.991228070175438,34.60322807017543,0.5518002483101118,1.4371945961483186,1.778568252556692,0.6223328591749644,0.6915031549831446,0.7628596338273758,0.17444091686145902,0.3087645009042389,0.5995503372470647,0.2799853546122203,0.1475622712784795,0.06909974548260414,0.49031820845158874,-0.7127006936464054
2nd year,BS Statistics,19,11,9,4,5,6,7,8,9,8,11,10,6,6,7,5094,4463,4656,4359,8496,19200,38529,37272,48033,46721,40096,26481,3,0,1,0,0,0,0,0,hex,large,static,1,1,1,Female,0,No,0,7.535087719298246,28.767701754385964,0.7852375343541421,1.1203226529240422,1.288659793814433,1.605872906629961,0.9416195856873822,0.46875,0.20763580679488178,0.2951277098089719,0.2081902025690671,0.12842190877763746,0.14964086193136472,0.26434047052603754,0.48261358282936345,-0.728538981078769
3rd,BS Statistics,20,8,4.5,4,5,6,7,8,3,8,5,8,4,8,4,6091,3217,4369,5607,6017,27047,59015,132056,80823,71672,60824,89864,3,0,1,0,0,0,0,0,hex,large,static,1,1,1,Male,1,No,0,5.894736842105263,57.38021929824561,0.6567066163191594,1.554243083618278,1.373311970702678,1.2484394506866416,1.329566229017783,0.11091803157466631,0.13555875624841143,0.037862724904585934,0.09898172549892977,0.055809800200915284,0.1315270288044193,0.04451170657883023,0.3965458037340595,-0.9249637244428297
3rd,BS Statistics,21,13,5,4,5,4,7,8,5,10,11,12,13,9,12,3529,2641,2208,4001,6305,18368,77346,42864,70433,62417,161528,183113,3,0,1,0,0,0,0,0,hex,large,static,1,1,1,Female,0,Yes,1,9.324561403508772,71.87715789473684,1.1334655709832815,1.8932222642938281,1.8115942028985508,1.749562609347663,1.26883425852498,0.272212543554007,0.1292891681534921,0.2566256065696155,0.17037468232220693,0.208276591313264,0.05571789411123768,0.0655333045714941,0.5293682400287936,-0.636070983378639
4th,BS Statistics,22,8,4,4,0,6,7,8,7,6,4,8,3,3,4,4600,5896,4591,4880,9879,15168,31456,23183,62976,79368,96560,213112,3,0,1,0,0,0,0,0,hex,large,static,1,1,1,Female,0,No,0,4.991228070175438,63.427359649122806,0.8695652173913043,0,1.306904813766064,1.4344262295081966,0.8097985626075513,0.46149789029535865,0.19074262461851474,0.17254022343958936,0.12703252032520326,0.03779860901118839,0.03106876553438277,0.0187694733285784,0.3379841101290892,-1.08475639605659
4th Year,BS Statistics,23,8,6,4,5,6,7,8,2,3,3,10,3,7,5,4949,5200,9952,6928,12511,33200,39833,37976,34815,108665,17552,87440,3,0,1,0,0,0,0,0,hex,large,static,1,1,1,Male,1,No,0,5.2894736842105265,41.7255350877193,0.808244089715094,0.9615384615384616,0.6028938906752411,1.010392609699769,0.6394372951802414,0.060240963855421686,0.075314437777722,0.07899726142827049,0.28723251472066635,0.027607785395481525,0.39881494986326343,0.05718206770356816,0.3180473093733325,-1.1455551356531062
2nd,BS Statistics,23,9,6,4,5,6,7,8,9,7,6,9,10,7,7,1994,2568,2590,6473,5055,9337,21647,18216,37311,34111,29209,36208,3,0,1,0,0,0,0,0,hex,large,static,1,1,1,Male,1,Yes,1,7.43859649122807,21.633394736842106,2.0060180541624875,1.9470404984423677,2.3166023166023164,1.0814151089139503,1.5825914935707222,0.9639070365213666,0.3233704439414238,0.32938076416337286,0.2412157272654177,0.2931605640409252,0.2396521620048615,0.19332744144940345,0.7051078986216571,-0.3494044401901775
1st,BS Statistics,19,7,6,4,5,6,7,6,4,4,4,7,10,2,2,1473,1585,1929,2633,3537,8424,24048,24624,23727,48752,62808,54984,3,0,1,0,0,0,0,0,hex,large,static,1,1,1,Male,1,Yes,1,4.964912280701754,28.788157894736845,2.7155465037338766,3.1545741324921135,3.1104199066874028,2.658564375237372,1.6963528413910094,0.4748338081671415,0.16633399866932802,0.16244314489928524,0.2950225481518945,0.2051197899573351,0.03184307731499172,0.03637421795431398,0.8105290572666013,-0.2100680874106664
2nd,BS Statistics,21,15,4,4,5,6,7,8,7,10,11,12,13,14,15,9777,1872,3064,3119,3792,13296,49336,54767,52480,89344,80335,202111,3,0,1,0,0,0,0,0,hex,large,static,1,1,1,Male,1,Yes,1,10.596491228070175,63.87779824561404,0.40912345300194336,2.6709401709401708,1.95822454308094,2.2443090734209683,2.109704641350211,0.52647412755716,0.20269174639208692,0.20085087735315063,0.22865853658536586,0.14550501432664756,0.17427024335594699,0.07421664332965548,0.6709770834645754,-0.39902029540354844
2nd,BS Statistics,20,9,7,4,5,6,7,8,9,7,9,5,4,8,6,2042,3783,3431,2992,11104,11848,17680,18984,15136,38697,56296,64913,3,0,1,0,0,0,0,0,hex,large,static,1,1,1,Male,1,Yes,1,6.614035087719298,27.15993859649123,1.9588638589618022,1.3217023526301876,1.7487612940833577,2.339572192513369,0.7204610951008645,0.7596218771100608,0.39592760180995473,0.4740834386852086,0.33033826638477803,0.10336718608677675,0.14210601108426887,0.09243140819250381,0.6295772605556047,-0.4627066998189828
2nd,BS Statistics,19,13,7,4,5,6,7,6,9,8,11,10,13,6,7,3777,4447,5704,5087,11255,28496,36808,37689,40662,61344,67663,38648,3,0,1,0,0,0,0,0,hex,large,static,1,1,1,Female,0,Yes,1,8.192982456140351,35.51541228070175,1.0590415673815197,1.124353496739375,1.0518934081346423,1.3760566149007274,0.5330964015992892,0.3158338012352611,0.21734405564007825,0.29186234710392955,0.24592986080369877,0.21191966614501825,0.08867475577494346,0.18112192092734425,0.4206779095533383,-0.8658877985512271
4th,BS Statistics,22,7,5,4,5,6,7,5,6,6,5,4,5,6,6,4323,3184,2352,2416,4352,12400,24128,13984,17273,38633,34599,46520,3,0,1,0,0,0,0,0,hex,large,static,1,1,1,Female,0,Yes,1,5.456140350877193,21.907429824561405,0.9252833680314596,1.57035175879397,2.5510204081632653,2.8973509933774833,1.1488970588235294,0.4838709677419355,0.2486737400530504,0.35755148741418763,0.2315752909164592,0.12942303212279657,0.17341541663053844,0.1289767841788478,0.6660540448699473,-0.40638446328073113
3rd,BS Statistics,19,10,9,4,5,6,7,8,5,10,5,8,5,5,4,3482,1944,1656,2872,3287,4727,7161,11985,16607,17687,14879,24784,3,0,1,0,0,0,0,0,hex,large,static,1,1,1,Male,1,Yes,1,5.973684210526316,11.712745614035088,1.1487650775416427,2.57201646090535,3.6231884057971016,2.437325905292479,2.433830240340736,1.0577533319229955,1.396453009356235,0.4171881518564873,0.4817245739748299,0.2826935037032849,0.33604408898447474,0.16139444803098774,1.055972109321298,0.05446177330771777
1st,BS Statistics,19,12,6,4,5,6,7,8,6,7,7,12,11,9,10,3457,3519,4712,6015,9374,11760,30152,41616,49183,41128,95361,59905,4,0,0,1,0,0,0,0,square,large,static,0,1,1,Male,1,Yes,1,8.368421052631579,38.60014912280702,1.1570726063060457,1.4208581983518045,1.2733446519524618,1.1637572734829593,0.8534243652656284,0.5102040816326531,0.2321570708410719,0.16820453671664745,0.24398674338694265,0.26745769305582573,0.0943782049265423,0.16693097404223353,0.46789520107162785,-0.7595109374745357
4th,BS Statistics,23,8,5,4,5,6,7,8,7,8,5,6,10,7,4,2027,3207,2367,2832,4544,7168,9888,10735,37664,35311,59135,61423,4,0,0,1,0,0,0,0,square,large,static,0,1,1,Male,1,Yes,1,6.56140350877193,26.633719298245616,1.973359644795264,1.5590894917368257,2.534854245880862,2.4717514124293785,1.7605633802816902,0.9765625,0.8090614886731392,0.4657661853749418,0.159303313508921,0.28319787035201494,0.11837321383275556,0.0651221855005454,0.811536436150134,-0.20882599328174692
4th,BS Statistics,23,15,7,4,5,4,7,8,5,5,9,10,13,14,15,1482,2560,3880,5889,10303,14544,50335,74783,89240,127880,142096,148529,4,0,0,1,0,0,0,0,square,large,static,0,1,1,Male,1,Yes,1,9.491228070175438,75.20274561403508,2.699055330634278,1.953125,1.0309278350515463,1.1886568177958907,0.7764728719790353,0.34378437843784376,0.09933445912387007,0.1203482074803097,0.11205737337516809,0.10165780419142946,0.09852494088503547,0.10099037898322887,0.4583462553056328,-0.7801303645528934
3rd,BS Statistics,20,9,3,4,5,6,4,8,9,7,4,5,2,4,7,4292,3728,3432,6551,5878,24913,70543,38232,35649,28438,37128,58433,4,0,0,1,0,0,0,0,square,large,static,0,1,1,Female,0,Yes,1,5.359649122807017,32.39692105263158,0.9319664492078286,1.3412017167381973,1.7482517482517483,0.6105938024729048,1.3610071452875128,0.36125717496889176,0.0992302567228499,0.10462439840970915,0.14025638867850432,0.07032843378577959,0.10773540185304892,0.11979532113702873,0.41563733263556013,-0.8779421955056277
2nd,BS Statistics,20,14,5,4,5,6,7,8,9,10,11,12,13,14,11,2180,3377,1872,2527,4248,12270,37152,103193,91527,87599,88928,112591,4,0,0,1,0,0,0,0,square,large,static,0,1,1,Female,0,No,0,10.228070175438596,60.32062280701754,1.834862385321101,1.4806040864672787,3.2051282051282053,2.770083102493075,1.8832391713747645,0.7334963325183375,0.26916451335055985,0.10659637766127547,0.1311088531253073,0.14840352058813458,0.1574307304785894,0.09769875034416606,0.7549778075464606,-0.2810669241433217
4th,BS Statistics,23,10,6,4,5,6,7,8,9,10,9,8,11,6,6,5073,4785,4528,11617,4904,32625,63456,52814,75919,35233,45057,65552,4,0,0,1,0,0,0,0,square,large,static,0,1,1,Male,1,No,0,7.745614035087719,41.08956140350877,0.7884880741178789,1.044932079414838,1.325088339222615,0.6025652061633813,1.6313213703099512,0.27586206896551724,0.15758951084215836,0.1704093611542394,0.10537546595713852,0.3122073056509522,0.13316465809974032,0.09153038808884549,0.4218534073332424,-0.8630974012827172
4th,BS Statistics,24,12,8,4,5,6,7,8,9,8,11,12,11,11,12,3498,6128,5959,12951,18455,34681,53888,47111,66158,73559,60304,85031,4,0,0,1,0,0,0,0,square,large,static,0,1,1,Female,0,Yes,1,9.587719298245615,48.752605263157896,1.1435105774728416,0.8159268929503917,1.0068803490518543,0.5404988031812216,0.4334868599295584,0.2595080880020761,0.14845605700712589,0.2334911167243319,0.1813839596118383,0.14953982517434986,0.18240912708941365,0.1411250014700521,0.32566762333884425,-1.1218779780308854
4th,BS Statistics,22,12,6,4,5,6,5,8,9,6,7,12,5,8,4,11944,7984,6863,9817,9393,31696,50672,40415,40313,51751,104592,81632,4,0,0,1,0,0,0,0,square,large,static,0,1,1,Female,0,Yes,1,6.798245614035087,46.96993859649123,0.33489618218352313,0.62625250501002,0.8742532420224391,0.5093205663644698,0.8516980730331097,0.2839475012619889,0.11840858856962425,0.17320301868118274,0.2976707265646318,0.09661649050259899,0.07648768548263729,0.04900039200313602,0.28398191604732875,-1.258844718738014
3rd,B LIS,NA,13,8,4,5,6,7,6,7,10,9,6,13,10,9,2326,3384,2712,5055,5855,11680,11031,22440,24721,30030,50689,43152,4,0,0,1,0,0,0,0,square,large,static,0,1,1,Female,0,No,0,8.350877192982455,23.078587719298245,1.7196904557179709,1.4775413711583925,2.2123893805309733,1.3847675568743818,1.0247651579846284,0.5993150684931506,0.9065361254645997,0.40106951871657753,0.24270862829173578,0.4329004329004329,0.1972814614610665,0.20856507230255839,0.6906481264299462,-0.3701248086032645
2nd,BS Statistics,21,8,8,4,5,6,7,8,3,8,9,5,7,7,3,5313,4160,4888,8048,7968,10071,47223,35864,36392,28409,23344,6192,4,0,0,1,0,0,0,0,square,large,static,0,1,1,Male,1,Yes,1,6.052631578947368,20.829385964912284,0.7528703180877094,1.2019230769230769,1.227495908346972,0.8697813121272365,1.0040160642570282,0.2978850163836759,0.169408974440421,0.2509480258755298,0.13739283358979995,0.24640078848252314,0.2998629198080877,0.4844961240310077,0.4733298243299281,-0.7479628304698954
2nd,BS Statistics,20,13,4,4,5,6,7,8,9,10,11,12,13,12,10,7912,7201,8240,13856,10921,22202,56240,67358,56241,80407,137159,60032,4,0,0,1,0,0,0,0,square,large,static,0,1,1,Female,0,No,0,9.850877192982455,55.66226315789474,0.5055611729019212,0.6943480072212193,0.7281553398058253,0.5051963048498845,0.732533650764582,0.40536888568597423,0.17780938833570412,0.16330651147599395,0.21336747212887394,0.16167746589227305,0.08748970173302517,0.1665778251599147,0.30586039922095115,-1.1846264928222114
2nd,BS Statistics,20,15,8,4,5,6,7,8,5,6,11,12,13,6,15,7435,3872,3695,4903,10447,16944,24415,57007,69625,62553,85792,108615,4,0,0,1,0,0,0,0,square,large,static,0,1,1,Female,0,No,0,9.105263157894736,49.928877192982455,0.5379959650302623,1.2913223140495869,1.6238159675236807,1.4276973281664287,0.7657700775342203,0.29508970727101036,0.24575056317837396,0.1929587594505938,0.17235188509874327,0.20782376544690104,0.06993659082431929,0.1381024720342494,0.4344559072647196,-0.8336608186787172
4th,BS Statistics,22,14,4,4,5,6,7,5,9,10,11,12,13,14,13,7322,5769,7328,9713,10494,13808,31975,79144,94192,116695,87896,92608,4,0,0,1,0,0,0,0,square,large,static,0,1,1,Female,0,No,0,10.280701754385966,59.961868421052635,0.5462988254575253,0.8667013347200555,0.8187772925764192,0.7206836198908679,0.476462740613684,0.6517960602549246,0.3127443315089914,0.13898716264025068,0.12739935450993714,0.11140151677449762,0.1592791480840994,0.1403766413268832,0.334411309708156,-1.0953835774459084
3rd,BS Statistics,20,14,7,4,5,6,7,8,9,10,9,12,13,14,11,2539,2888,4480,5536,8384,26911,30272,40304,56249,44185,97423,85135,4,0,0,1,0,0,0,0,square,large,static,0,1,1,Female,0,No,0,10.035087719298245,44.174587719298245,1.5754233950374164,1.7313019390581716,1.3392857142857142,1.2644508670520231,0.9541984732824428,0.33443573260005205,0.33033826638477803,0.22330289797538705,0.213337125993351,0.2942174946248727,0.14370323229627502,0.12920655429611794,0.5138869654420105,-0.6657519493024908
3rd year,BS Statistics,22,9,5,4,5,6,7,6,9,8,7,7,2,6,3,2697,3783,2945,3208,3527,21104,21239,52593,36959,29969,122904,38377,4,0,0,1,0,0,0,0,square,large,static,0,1,1,Male,1,No,0,5.7105263157894735,36.915,1.4831294030404152,1.3217023526301876,2.037351443123939,2.1820448877805485,1.7011624610150269,0.42645943896891586,0.37666556805875984,0.1330975605118552,0.1893990638274845,0.06673562681437485,0.04881859011911736,0.07817182166401751,0.5939825020589748,-0.5209054178665556
4th,BS Statistics,23,11,8,4,5,6,7,6,9,10,11,9,5,2,4,2585,1425,1712,3633,3888,5617,16369,42776,45480,130631,38872,42615,4,0,0,1,0,0,0,0,square,large,static,0,1,1,Male,1,Yes,1,6.464912280701754,36.810938596491226,1.5473887814313345,3.508771929824561,3.5046728971962615,1.9267822736030829,1.5432098765432098,1.602278796510593,0.6109108681043436,0.2571535440433888,0.19788918205804748,0.0382757538409719,0.05145091582630171,0.09386366302944972,0.8680126023802474,-0.14154904555593195
1st,BS Statistics,20,9,6,4,5,6,5,8,9,4,9,7,7,8,1,3130,2569,2071,3294,4759,4920,5625,12751,14431,16585,22175,2177,4,0,0,1,0,0,0,0,square,large,static,0,1,1,Male,1,Yes,1,6.12280701754386,9.399947368421053,1.2779552715654952,1.9462826002335538,2.897151134717528,1.5179113539769278,1.681025425509561,1.829268292682927,0.7111111111111111,0.7058269939612579,0.4850668699327836,0.42206813385589387,0.36076662908680945,0.4593477262287552,0.9726928362846304,-0.027686933907553817
1st,BS Statistics,18,9,6,4,5,4,7,8,9,5,9,6,7,4,6,2129,2600,3551,4632,10175,11264,17248,23680,24231,33560,25503,45177,4,0,0,1,0,0,0,0,square,large,static,0,1,1,Female,0,No,0,6.2894736842105265,21.515184210526318,1.8788163457022076,1.9230769230769231,1.1264432554210082,1.5112262521588946,0.7862407862407862,0.7990056818181818,0.2898886827458256,0.38006756756756754,0.2476166893648632,0.20858164481525626,0.1568442928282947,0.13281094362175444,0.5692933921203711,-0.5633593501179835
1st,BS Statistics,20,10,3,4,5,6,7,8,7,10,8,7,8,5,10,3778,2249,3729,3112,5561,17072,18560,30216,10079,41984,42031,43184,4,0,0,1,0,0,0,0,square,large,static,0,1,1,Male,1,No,0,7.447368421052632,23.592640350877193,1.0587612493382743,2.223210315695865,1.6090104585679808,2.2493573264781492,1.4385901816220104,0.41002811621368324,0.5387931034482759,0.2647603918453799,0.6945133445778351,0.19054878048780488,0.11895981537436653,0.23156724712856613,0.7035102706992423,-0.3516728031039266
1st,BS Statistics,20,8,8,4,5,6,7,8,6,5,9,6,6,7,8,2282,4328,3832,14968,11792,28592,32776,36537,51728,11783,40783,8720,4,0,0,1,0,0,0,0,square,large,static,0,1,1,Female,0,Yes,1,6.675438596491228,23.820561403508773,1.7528483786152498,1.155268022181146,1.5657620041753653,0.46766435061464456,0.6784260515603799,0.2098489087856743,0.1525506468147425,0.24632564249938418,0.11599133931333128,0.5092081812781125,0.1716401441777211,0.9174311926605505,0.5366940839358595,-0.6223270228974482
3rd,BS Statistics,21,14,7,2,5,6,7,8,9,6,8,12,13,14,1,2041,1872,1672,2640,1897,2936,20992,49479,70128,48145,110935,59944,4,0,0,1,0,0,0,0,square,large,static,0,1,1,Male,1,No,0,8.201754385964913,41.767508771929826,0.9799118079372856,2.6709401709401708,3.588516746411483,2.6515151515151514,4.217185028993147,3.0653950953678475,0.2858231707317073,0.1616847551486489,0.17111567419575632,0.2700176550005193,0.12620002704286293,0.016682236754304018,1.1483290023245916,0.13830784422981196
3rd,BS Statistics,22,12,4,4,5,6,7,8,7,10,7,12,10,7,5,4190,2856,4351,5647,5695,15632,42176,31728,30727,58583,34295,68936,4,0,0,1,0,0,0,0,square,large,static,0,1,1,Female,0,Yes,1,7.692982456140351,32.440035087719295,0.954653937947494,1.7507002801120448,1.378993334865548,1.2395962457942271,1.404741000877963,0.44779938587512796,0.23710166919575112,0.22062531517902167,0.39053601067465094,0.17069798405680828,0.20411138649948973,0.07253104328652664,0.5301780658074978,-0.6345423556406402
4th,B Public Administration,22,10,6,4,5,6,7,8,7,10,9,10,8,7,10,3642,5905,6809,8160,9168,14183,40655,26248,43536,76112,135167,94504,4,0,0,1,0,0,0,0,square,large,static,0,1,1,Male,1,No,0,8.105263157894736,51.40457894736842,1.098297638660077,0.8467400508044031,0.8811866647084741,0.8578431372549019,0.8726003490401396,0.49354861453853205,0.24597220514081908,0.34288326729655594,0.2296949650863653,0.10510826150935464,0.05178778843948597,0.10581562685177347,0.3860359780186236,-0.9518247065587032
3rd,BS Statistics,20,9,7,4,5,4,7,8,9,8,8,8,3,4,4,2306,3121,2448,3009,2832,6232,7297,9704,15999,22095,17960,16225,4,0,0,1,0,0,0,0,square,large,static,0,1,1,Male,1,Yes,1,5.947368421052632,11.342771929824561,1.7346053772766696,1.6020506247997437,1.6339869281045751,2.326354270521768,2.824858757062147,1.4441591784338896,1.0963409620391942,0.8244023083264633,0.500031251953247,0.13577732518669383,0.22271714922049,0.2465331278890601,0.9758485177899928,-0.024447911797310123
3rd,B Library and Information Science,21,15,5,4,5,4,7,8,7,7,6,12,13,14,15,12169,2415,5183,4696,7368,10399,36727,59424,42800,108881,85407,104672,4,0,0,1,0,0,0,0,square,large,static,0,1,1,Male,1,No,0,9.74561403508772,52.57035964912281,0.32870408414824553,2.070393374741201,0.7717538105344395,1.4906303236797274,1.0857763300760044,0.6731416482354072,0.19059547471887167,0.10096930533117932,0.2803738317757009,0.11939640524976809,0.1639209900827801,0.14330479975542648,0.4724028598848054,-0.7499231407297413
2nd,BS Statistics,20,13,4,4,5,6,4,6,7,6,8,12,13,7,11,6005,2350,2928,6712,8234,9192,28344,25120,74807,59042,68921,98894,5,0,0,0,1,0,0,0,hex,small,dynamic,1,0,1,Male,1,No,0,8.24561403508772,43.17733333333334,0.6661115736885929,2.127659574468085,2.0491803278688523,0.5959475566150179,0.7286859363614282,0.7615317667536988,0.21168501270110077,0.3184713375796178,0.1604127955939952,0.22018224314894483,0.10156556056934751,0.11123020607923635,0.4907935167534929,-0.711731775781338
1st,BS Statistics,18,8,6,4,5,6,7,8,5,5,6,3,3,4,2,1998,1880,2040,2520,1486,5000,8271,10199,16448,16328,43110,40513,5,0,0,0,1,0,0,0,hex,small,dynamic,1,0,1,Male,1,Yes,1,4.491228070175438,16.841526315789473,2.002002002002002,2.6595744680851063,2.9411764705882355,2.7777777777777777,5.383580080753701,1,0.6045218232378189,0.5882929698990097,0.1823929961089494,0.18373346398824106,0.09278589654372535,0.0493668698936144,1.1368352784989053,0.12824833048153755
2nd,BS Statistics,20,13,7,4,5,6,7,8,9,10,4,7,13,11,9,5272,6273,8136,13696,19778,42800,50288,64864,88785,101287,109999,128191,5,0,0,0,1,0,0,0,hex,small,dynamic,1,0,1,Female,0,Yes,1,8.394736842105264,68.43816666666667,0.7587253414264037,0.7970667941973537,0.7374631268436578,0.5110981308411215,0.40448983719284054,0.2102803738317757,0.19885459751829462,0.061667488899852,0.07884214675902461,0.12834815919120915,0.10000090909917363,0.07020773689260557,0.24461221087827836,-1.4080811351505946
1st,BS Statistics,19,15,5,4,5,6,3,8,4,8,2,8,6,14,15,2721,2664,2647,3080,6783,12024,17695,45808,79169,164439,229088,269360,5,0,0,0,1,0,0,0,hex,small,dynamic,1,0,1,Male,1,Yes,1,7.850877192982456,98.5993947368421,1.470047776552738,1.8768768768768769,2.2667170381564037,0.974025974025974,1.1794191360754829,0.33266799733865604,0.4521051144391071,0.04366049598323437,0.1010496532733772,0.03648769452502144,0.06111188713507473,0.055687555687555686,0.4955399721568788,-0.7021072581188923
2nd,BS Statistics,20,12,7,4,5,6,5,8,9,4,6,12,8,9,2,2261,1808,2544,2831,5712,9320,8225,20328,43103,57712,105392,43263,5,0,0,0,1,0,0,0,hex,small,dynamic,1,0,1,Male,1,Yes,1,6.728070175438597,34.03968421052631,1.7691287041132242,2.765486725663717,2.358490566037736,1.7661603673613564,1.4005602240896358,0.9656652360515021,0.48632218844984804,0.29515938606847697,0.27840289539011204,0.1386193512614361,0.08539547593745256,0.04622887918082426,0.7232922335340038,-0.32394194272913185
4th,BS Statistics,21,8,6,4,5,6,7,8,7,7,6,4,5,9,13,4182,3368,4368,3880,4824,8680,25913,9120,28120,38088,49287,70497,5,0,0,0,1,0,0,0,hex,small,dynamic,1,0,1,Female,0,No,0,7.219298245614035,27.571535087719298,0.9564801530368244,1.484560570071259,1.3736263736263736,1.8041237113402062,1.658374792703151,0.8064516129032258,0.27013468143402924,0.6578947368421053,0.1422475106685633,0.13127494223902542,0.18260393207133727,0.18440501014227556,0.6256024038531922,-0.46904024728208776
4th,BS Statistics,22,9,8,4,5,6,5,8,9,5,9,3,5,4,1,10378,3287,3593,6759,10512,12998,35055,38864,15113,14527,20720,15103,5,0,0,0,1,0,0,0,hex,small,dynamic,1,0,1,Female,0,No,0,5.0701754385964914,17.48054385964912,0.3854307188282906,1.52114390021296,1.6699137211244086,0.7397544015386892,0.76103500761035,0.6924142175719341,0.1426330052774212,0.23157678056813505,0.19850459868986964,0.3441866868589523,0.19305019305019305,0.06621201085876978,0.4490460802717387,-0.8006297678382747
4th,NA,22,8,6,4,5,6,7,8,6,4,5,10,6,10,8,5016,5192,5681,17936,8440,27752,25913,23169,48839,58033,73351,65176,5,0,0,0,1,0,0,0,hex,small,dynamic,1,0,1,Female,0,Yes,1,6.991228070175438,38.438508771929826,0.7974481658692185,0.963020030816641,1.0561520859003697,0.3902765388046387,0.9478672985781991,0.21620063418852695,0.15436267510515958,0.21580560231343607,0.20475439710067775,0.10338945082970034,0.13633079303622309,0.12274456855284153,0.3339551652123726,-1.0967485309069802
2nd,B Public Administration,20,8,6,4,5,6,7,8,6,7,5,5,3,9,4,5547,4496,3887,13610,8567,21425,45903,29785,59919,72135,61592,70432,5,0,0,0,1,0,0,0,hex,small,dynamic,1,0,1,Female,0,No,0,5.7368421052631575,41.98979824561404,0.721110510185686,1.112099644128114,1.5436068947774633,0.5143277002204262,0.9338158048324968,0.28004667444574094,0.15249547959828333,0.16786973308712438,0.08344598541364175,0.041588687876897484,0.14612287310040264,0.05679236710586097,0.34306100348737584,-1.0698469948972453
3rd,BS Statistics,21,8,3,4,5,6,4,8,7,8,5,10,7,8,5,4088,3344,2889,8128,6063,16151,13704,19769,22897,35071,53825,105368,5,0,0,0,1,0,0,0,hex,small,dynamic,1,0,1,Female,0,No,0,6.7105263157894735,32.63527192982456,0.9784735812133072,1.4952153110047848,2.0768431983385254,0.4921259842519685,1.3194788058716806,0.4334096959940561,0.5837711617046117,0.2529212403257626,0.43673843734987117,0.19959510706851816,0.14862981885740828,0.04745273707387442,0.5350919393984436,-0.6253166975076522
3rd,BS Statistics,20,7,3,4,5,6,7,6,7,6,9,6,11,9,6,1850,1457,2247,3711,3880,7336,24879,18167,48800,87880,102449,78225,5,0,0,0,1,0,0,0,hex,small,dynamic,1,0,1,Female,0,No,0,7.254385964912281,43.29417543859649,2.1621621621621623,3.4317089910775564,2.67022696929239,1.8862840204796552,1.5463917525773196,0.9541984732824428,0.2411672494875196,0.49540375405955855,0.12295081967213115,0.1251706873008648,0.0878485880779705,0.07670182166826463,0.783645736508172,-0.24379822745301108
3rd,BS Statistics,22,6,8,4,5,6,5,5,5,6,9,8,5,6,5,5098,11009,4479,8608,10120,29040,51608,54719,75399,115088,96386,29488,5,0,0,0,1,0,0,0,hex,small,dynamic,1,0,1,Female,0,No,0,5.9298245614035086,51.01343859649123,0.7846214201647705,0.45417385775274777,1.3395847287340925,0.5808550185873605,0.49407114624505927,0.1721763085399449,0.11626104479925593,0.16447668999798973,0.10610220294698869,0.043445015987765886,0.06224970431390451,0.1695604991861096,0.2740331004221092,-1.2945063754300854
2nd,BS Statistics,20,14,7,4,5,6,7,8,7,10,9,12,13,14,13,3066,1448,2016,3200,5168,12544,40447,53983,85656,99720,107415,156065,5,0,0,0,1,0,0,0,hex,small,dynamic,1,0,1,Male,1,No,0,10.140350877192983,64.69771929824562,1.304631441617743,3.453038674033149,2.9761904761904763,2.1875,1.5479876160990713,0.5580357142857143,0.24723712512670903,0.16671915232573217,0.14009526478005044,0.13036502206177297,0.13033561420658196,0.08329862557267805,0.735227480040699,-0.30757533099949774
1st,BS Statistics,18,11,6,4,5,6,4,6,9,7,11,3,8,2,5,27906,3680,2015,3506,5288,11543,17991,17528,72942,26208,42311,21608,5,0,0,0,1,0,0,0,hex,small,dynamic,1,0,1,Male,1,Yes,1,5.859649122807017,24.71971052631579,0.1433383501755895,1.358695652173913,2.977667493796526,1.1409013120365088,1.13464447806354,0.77969332062722,0.389083430604191,0.6275673208580557,0.041128567903265606,0.3052503052503053,0.04726903169388575,0.23139577934098482,0.6026501427294982,-0.5064184451113432
1st,BS Statistics,19,14,8,4,5,6,7,8,9,8,11,12,13,14,11,2570,3239,3144,5385,6032,12359,16503,56904,125873,122703,70288,87015,5,0,0,0,1,0,0,0,hex,small,dynamic,1,0,1,Female,0,Yes,1,10.052631578947368,56.38918421052632,1.556420233463035,1.5436863229391788,1.9083969465648856,1.2999071494893222,1.3262599469496021,0.7282142568168946,0.4847603466036478,0.19330802755518064,0.09533418604466407,0.105946879864388,0.19918051445481447,0.12641498592196748,0.5775255753721479,-0.5490025512081026
4th,BS Statistics,22,14,7,4,5,6,4,6,9,10,5,10,10,14,13,3258,4865,7448,12631,12657,28440,25816,46897,45775,80016,103681,124231,5,0,0,0,1,0,0,0,hex,small,dynamic,1,0,1,Female,0,Yes,1,9.035087719298245,54.440456140350875,1.2277470841006752,1.027749229188078,0.8055853920515574,0.31668118122080596,0.47404598246029866,0.31645569620253167,0.3873566780291292,0.10661662792929186,0.2184598580010923,0.1249750049990002,0.13502956182907186,0.104643768463588,0.3201148918401552,-1.1390753106262403
3,BS BIOLOGY,20,10,7,4,5,6,7,8,9,10,9,9,10,9,5,2801,3353,3241,4400,7224,14910,28104,21176,13639,15295,32375,25398,5,0,0,0,1,0,0,0,hex,small,dynamic,1,0,1,Male,1,Yes,1,7.973684210526316,17.376280701754386,1.4280614066404855,1.4912019087384432,1.8512804689910523,1.5909090909090908,1.1074197120708749,0.6036217303822937,0.3558212354113294,0.42500944465432566,0.6598724246645649,0.6538084341288003,0.277992277992278,0.19686589495235846,0.712284475365869,-0.3392779033134456
3rd,B LIS,23,8,8,4,5,6,7,8,7,3,5,3,10,9,4,4986,4809,4376,11865,7632,31367,37279,39544,42728,68016,60416,60105,5,0,0,0,1,0,0,0,hex,small,dynamic,1,0,1,Female,0,No,0,6.052631578947368,39.02435087719299,0.8022462896109106,1.039717196922437,1.3711151736745886,0.5899705014749262,1.0482180293501049,0.2231644722160232,0.08047426164864938,0.1264414323285454,0.07021157086687886,0.14702422959303693,0.14896716101694915,0.06655020380999917,0.34378531314712885,-1.0677379061223504
4th,BS Statistics,21,8,5,4,5,6,7,8,7,8,8,9,3,10,10,2465,1466,1638,2400,1983,5416,6417,11456,21472,21983,67608,63992,5,0,0,0,1,0,0,0,hex,small,dynamic,1,0,1,Female,0,Yes,1,7.526315789473684,24.109184210526315,1.6227180527383367,3.4106412005457027,3.663003663003663,2.9166666666666665,4.034291477559254,1.292466765140325,1.2466884837151317,0.6983240223463687,0.41915052160953803,0.13646908975117136,0.1479114897645249,0.15626953369171145,1.2387057625984872,0.2140670947012779
3rd,BS Statistics,22,15,6.5,4,5,6,7,8,9,10,11,12,13,14,15,3321,4280,5336,6217,11376,38104,45632,56000,72335,136552,88497,114553,5,0,0,0,1,0,0,0,hex,small,dynamic,1,0,1,Female,0,Yes,1,10.75438596491228,63.30642105263158,1.2044564890093346,1.1682242990654206,1.1244377811094453,1.1259449895447966,0.7032348804500703,0.23619567499475122,0.2191444600280505,0.19642857142857142,0.1658947950508053,0.09520182787509521,0.15819745302100635,0.13094375529231012,0.39296728108813544,-0.9340289248073644
2nd,BS Statistics,20,10,7,4,5,6,7,8,9,10,9,10,3,1,5,13819,8064,13488,16368,37383,36943,34609,38232,84128,31160,34535,14120,5,0,0,0,1,0,0,0,hex,small,dynamic,1,0,1,Female,0,Yes,1,6.298245614035087,33.32630701754386,0.2894565453361314,0.6200396825396826,0.44483985765124556,0.427663734115347,0.2140010165048284,0.2436185474920824,0.28894218266924787,0.23540489642184556,0.11886648915937618,0.0962772785622593,0.028956131460836834,0.35410764872521244,0.2429751200711384,-1.4147962274219732
3rd,BS Statistics,23,8,5,4,5,6,7,8,7,7,8,6,6,10,11,1153,1144,1672,2015,2329,4527,6464,7592,17536,16559,43481,40376,5,0,0,0,1,0,0,0,hex,small,dynamic,1,0,1,Male,1,No,0,7.5964912280701755,16.50937719298246,3.4692107545533393,4.370629370629371,3.588516746411483,3.4739454094292803,3.4349506225848003,1.5462778882261983,1.0829207920792079,1.053740779768177,0.34215328467153283,0.3623407210580349,0.2299855109128125,0.2724390727164652,1.4168230063344693,0.34841704559185105
2nd,BS Statistics,22,8,7,4,5,6,5,8,5,2,5,3,6,5,10,2202,2711,3112,4647,7841,30808,67208,56056,79215,82753,32568,79127,5,0,0,0,1,0,0,0,hex,small,dynamic,1,0,1,Male,1,Yes,1,5.526315789473684,47.118298245614035,1.8165304268846503,1.8443378827001107,1.9280205655526992,1.0759629868732516,1.02027802576202,0.16229550766034795,0.02975836209975003,0.08919651776794633,0.03787161522438932,0.07250492429277489,0.15352493244902973,0.12637911206035865,0.4555382776109022,-0.786275531540792
3rd,BS Statistics,22,11,5,4,5,6,7,8,9,8,11,6,5,9,10,2161,1633,2160,1943,3296,4280,7736,15936,28328,30231,39584,42624,5,0,0,0,1,0,0,0,hex,small,dynamic,1,0,1,Male,1,Yes,1,7.7631578947368425,20.064815789473684,1.8509949097639982,3.061849357011635,2.7777777777777777,3.6026762738033966,2.4271844660194173,2.102803738317757,1.0341261633919339,0.6902610441767069,0.21180457497881955,0.16539313949257384,0.22736459175424414,0.2346096096096096,1.160258628439787,0.1486429358189186
3rd,BS Statistics,23,9,5,4,5,6,7,8,9,8,5,6,9,6,9,2969,1896,2559,3296,4144,7936,13472,22544,22232,25665,32007,18960,5,0,0,0,1,0,0,0,hex,small,dynamic,1,0,1,Male,1,Yes,1,7.140350877192983,16.49113157894737,1.3472549680026946,2.6371308016877637,2.3446658851113718,2.1237864077669903,1.9305019305019304,1.1340725806451613,0.5938242280285035,0.22178850248403123,0.26988125224901044,0.3506721215663355,0.18745899334520574,0.47468354430379744,0.8691206158040207,-0.14027336495477122
1st,BS Statistics,19,12,4.5,4,5,6,4,8,9,10,9,12,11,11,10,4523,4775,5319,10824,23375,49649,126230,52119,100038,104984,117256,167177,6,0,0,0,0,1,0,0,square,small,dynamic,0,0,1,Male,1,No,0,9.12280701754386,81.87356140350877,0.8843687817820031,1.0471204188481675,1.1280315848843767,0.36954915003695493,0.3422459893048128,0.18127253318294426,0.07922047056959518,0.17268174753928509,0.11995441732141786,0.10477787091366303,0.09381183052466398,0.059816840833368225,0.2649247280019942,-1.3283095386199084
2nd,BS Statistics,20,14,3,4,5,6,7,8,9,5,7,10,6,14,9,5392,9216,4825,13655,18368,26546,150816,41103,49855,20455,72015,52448,6,0,0,0,0,1,0,0,square,small,dynamic,0,0,1,Female,0,Yes,1,8.131578947368421,45.5915701754386,0.7418397626112759,0.5425347222222222,1.2435233160621761,0.5126327352618089,0.4355400696864111,0.33903412943569655,0.03315298111606196,0.17030387076369122,0.20058168689198677,0.29332681495966756,0.19440394362285635,0.17159853569249542,0.32443827982476015,-1.1256599617766645
2nd,BS Statistics,20,12,6,4,5,6,7,8,5,7,8,12,5,11,6,2835,3289,5248,6465,10096,16017,37136,33585,39735,46208,37041,63505,6,0,0,0,0,1,0,0,square,small,dynamic,0,0,1,Female,0,Yes,1,7.421052631578948,31.74488596491228,1.4109347442680775,1.5202189115232594,1.1432926829268293,1.082753286929621,0.7923930269413629,0.3121683211587688,0.1884963377854373,0.2382015780854548,0.3020007550018875,0.10820637119113573,0.2969682243999892,0.09448074954727974,0.4556417609984876,-0.786048390067877
3rd,BS Statistics,20,8,7,4,5,6,7,8,7,8,5,3,9,11,8,2155,1848,2753,3520,7128,4497,16568,23168,17856,46624,66216,61896,6,0,0,0,0,1,0,0,square,small,dynamic,0,0,1,Female,0,No,0,7.149122807017544,28.53413157894737,1.8561484918793503,2.705627705627706,2.179440610243371,1.9886363636363635,1.122334455667789,1.5565932844118302,0.48285852245292127,0.21581491712707182,0.16801075268817203,0.19303363074811256,0.1661229914220128,0.12924906294429364,0.7625475375140578,-0.27109042816316276
4th,BS Statistics,22,15,3,4,5,6,7,8,9,7,11,12,13,14,15,2763,4728,8376,11152,17648,28847,61040,69816,78984,67184,75823,130497,6,0,0,0,0,1,0,0,square,small,dynamic,0,0,1,Female,0,Yes,1,10.491228070175438,59.494491228070174,1.4477017734346724,1.0575296108291032,0.7163323782234957,0.6276901004304161,0.45330915684496825,0.3119908482684508,0.11467889908256881,0.15755700698980177,0.15192950470981464,0.19349845201238391,0.18464054442583386,0.11494517115335985,0.33098566841287935,-1.1056802023887389
1st,BS Statistics,18,15,7,4,5,6,7,8,9,10,11,12,13,14,15,4213,5783,9280,6721,10031,14256,41582,40776,39128,59184,33144,115520,6,0,0,0,0,1,0,0,square,small,dynamic,0,0,1,Male,1,Yes,1,10.75438596491228,40.85215789473684,0.9494422027059103,0.8646031471554556,0.646551724137931,1.041511679809552,0.7975276642408533,0.6313131313131313,0.2404886729835025,0.269766529330979,0.30668574933551424,0.21965396052987293,0.42239922761284093,0.1298476454293629,0.44843920215132377,-0.8019821648631567
3rd,BS Statistics,21,14,3,4,5,6,7,8,9,8,7,12,11,14,9,3825,3056,3560,7079,6094,15185,28881,62129,102631,62352,54081,152712,6,0,0,0,0,1,0,0,square,small,dynamic,0,0,1,Male,1,Yes,1,9.175438596491228,55.693868421052635,1.0457516339869282,1.6361256544502618,1.6853932584269662,0.98884023167114,1.3127666557269446,0.5926901547579848,0.2769987188809252,0.11266880200872378,0.11692373649287252,0.17641775724916603,0.2588709528300142,0.058934464875058934,0.5039323739026416,-0.6853131986781443
3rd,BS Statistics,21,15,4,4,5,6,7,8,9,8,11,7,13,14,15,2267,3743,5641,14968,19593,45920,26936,65632,99327,84041,51006,89808,6,0,0,0,0,1,0,0,square,small,dynamic,0,0,1,Female,0,No,0,10.052631578947368,53.275456140350876,1.76444640494045,1.335826876836762,1.0636411983690834,0.46766435061464456,0.4083090899811157,0.19599303135888502,0.297000297000297,0.16760117016089712,0.07047429198505945,0.15468640306517056,0.27447751244951574,0.16702298236237306,0.37229024689220264,-0.9880814953517877
3rd,BS Statistics,20,8,5,4,5,4,4,8,7,2,6,5,9,2,5,4338,3879,5472,7273,9606,9847,29385,27681,20623,24696,12456,8232,6,0,0,0,0,1,0,0,square,small,dynamic,0,0,1,Female,0,No,0,5.140350877192983,15.356929824561403,0.9220839096357769,1.288992008249549,0.7309941520467836,0.5499793757734085,0.8328128253175099,0.7108764090585965,0.0680619363620895,0.21675517502980385,0.24244775250933423,0.36443148688046645,0.16056518946692358,0.6073858114674441,0.46929925420709,-0.7565146453432877
4th,BS Electrical Engineering,22,9,8,4,5,6,7,8,9,8,6,6,8,6,9,2602,1409,1720,4801,9223,10623,25880,31167,38791,54673,27455,39368,6,0,0,0,0,1,0,0,square,small,dynamic,0,0,1,Male,1,Yes,1,7.12280701754386,26.171394736842107,1.5372790161414296,3.5486160397444997,3.488372093023256,1.4580295771714227,0.8673967255773609,0.8472182999152782,0.3091190108191654,0.1925113100394648,0.15467505349178934,0.14632451118467982,0.218539428155163,0.2286120707173339,0.7460407125117936,-0.2929751058549133
3rd,BS Statistics,21,15,6.5,4,5,6,7,8,2,2,5,12,11,11,15,3911,3473,4480,9113,10601,12943,70872,104503,126623,80687,101911,181807,6,0,0,0,0,1,0,0,square,small,dynamic,0,0,1,Female,0,Yes,1,8.324561403508772,78.11836842105262,1.0227563283047814,1.439677512237259,1.3392857142857142,0.7681334357511248,0.7546457881331949,0.15452368075407555,0.028219889378033637,0.04784551639665847,0.0947695126477812,0.13632927237349263,0.10793731785577612,0.08250507406205482,0.3385671357009988,-1.0830328733527959
2nd,BS Statistics,19,11,4.5,4,5,4,7,6,7,8,11,3,6,6,1,4450,5312,4696,6632,5865,6928,13448,23761,16951,25095,17680,25967,6,0,0,0,0,1,0,0,square,small,dynamic,0,0,1,Female,0,Yes,1,5.605263157894737,15.708377192982455,0.898876404494382,0.9412650602409639,0.8517887563884157,1.0554885404101326,1.0230179028132993,1.010392609699769,0.594883997620464,0.4629434788098144,0.1769807091027078,0.2390914524805738,0.3393665158371041,0.03851041706781685,0.5235142373905031,-0.6471910524979014
2nd,BS Statistics,17,9,5,4,3,6,5,8,9,6,9,7,9,12,7,3812,4608,7017,8721,10816,9808,25663,35216,36080,64920,51047,68753,6,0,0,0,0,1,0,0,square,small,dynamic,0,0,1,Male,1,No,0,7.719298245614035,34.939614035087715,1.0493179433368311,0.6510416666666666,0.8550662676357418,0.5733287467033598,0.7396449704142012,0.9176182707993474,0.2337996337139072,0.2555656519763744,0.19401330376940132,0.13863216266173753,0.23507747761866515,0.10181373903684203,0.3935946507092535,-0.9324337045741025
3rd,BS Statistics,21,4,6,4,3,4,5,4,5,3,9,9,5,9,1,1970,2888,5504,9128,9896,27400,42079,30144,31768,63304,38192,63815,6,0,0,0,0,1,0,0,square,small,dynamic,0,0,1,Male,1,Yes,1,5.350877192982456,34.15318421052631,2.030456852791878,1.0387811634349031,0.7267441860465116,0.5477651183172656,0.4042037186742118,0.18248175182481752,0.0712944699256161,0.29856687898089174,0.28330395366406447,0.07898395046126627,0.23565144532886467,0.015670296952127242,0.33635362759259846,-1.089592209396693
1st,BS Statistics,18,15,6,4,5,6,7,8,9,10,11,12,13,14,15,5315,8896,12040,11343,26384,37361,88240,89592,81903,121937,98167,119095,6,0,0,0,0,1,0,0,square,small,dynamic,0,0,1,Male,1,Yes,1,10.75438596491228,73.34556140350878,0.7525870178739417,0.5620503597122302,0.4983388704318937,0.6171206911751741,0.30321406913280774,0.24089290971869062,0.11332728921124206,0.1227788195374587,0.14651477967840007,0.10661243100945571,0.14261411676021474,0.12594987195096352,0.23893027413684936,-1.4315835096282052
3rd,BS Statistics,20,8,5,4,5,6,7,8,7,4,7,7,7,9,5,3299,2488,4905,8977,8072,14176,31392,69193,44793,36145,50880,71816,6,0,0,0,0,1,0,0,square,small,dynamic,0,0,1,Female,0,No,0,6.543859649122807,36.68481578947369,1.2124886329190663,2.009646302250804,1.2232415902140672,0.7797705246741673,0.9910802775024777,0.4937923250564334,0.127420998980632,0.10116630294972034,0.1562744178777934,0.1936644072485821,0.17688679245283018,0.06962236827447922,0.441837917999445,-0.8168121655145452
4th,BS Statistics,22,8,5,4,5,6,7,8,7,8,6,5,9,11,10,4871,3056,5127,12560,8039,11897,54632,26120,37991,69304,44952,92504,6,0,0,0,0,1,0,0,square,small,dynamic,0,0,1,Female,0,No,0,7.719298245614035,39.756166666666665,0.8211866146581811,1.6361256544502618,1.1702750146284377,0.5573248407643312,0.995148650329643,0.588383626124233,0.1464343242055938,0.22970903522205208,0.13161011818588614,0.12986263419138866,0.24470546360562379,0.10810343336504367,0.4206232177625597,-0.8660178157093644
3rd,BS Statistics,20,9,5,4,5,6,7,8,9,4,8,8,7,12,6,2874,3688,4480,8648,8848,13536,33888,29184,48935,56992,40008,82966,6,0,0,0,0,1,0,0,square,small,dynamic,0,0,1,Female,0,No,0,7.4035087719298245,35.98756140350877,1.3917884481558802,1.3557483731019522,1.3392857142857142,0.8094357076780758,0.9041591320072333,0.6648936170212766,0.11803588290840415,0.2741228070175439,0.16348217022580974,0.12282425603593487,0.29994001199760045,0.07231878118747438,0.4587993725445252,-0.7791422613291531
2nd,BS Statistics,20,12,6,4,5,6,7,8,9,10,11,12,11,12,2,4941,7336,8960,17824,40304,58961,156033,107610,133024,104368,99112,71992,6,0,0,0,0,1,0,0,square,small,dynamic,0,0,1,Female,0,No,0,8.570175438596491,81.16327192982456,0.8095527221210281,0.6815703380588877,0.6696428571428571,0.39272890484739675,0.19849146486701072,0.15264327267176608,0.06408900681266143,0.10222098318000186,0.09020928554245851,0.10539629005059022,0.12107514730809589,0.0277808645405045,0.19916221350214186,-1.6136356430796086
2nd,BS Statistics,21,14,5,1,5,6,7,8,9,5,3,12,10,14,10,16385,10879,7728,18225,19687,21439,109256,65048,59072,103361,95824,158839,6,0,0,0,0,1,0,0,square,small,dynamic,0,0,1,Female,0,Yes,1,8.43859649122807,72.18500877192983,0.061031431187061336,0.4596010662744738,0.7763975155279503,0.3840877914951989,0.40635952659115154,0.4197956994262792,0.045764077030094455,0.04611978846390358,0.20314192849404117,0.09674828997397471,0.1461011855067624,0.06295683050132524,0.21551163690288627,-1.5347403713469014
2nd,BS Statistics,20,15,7,4,5,6,7,8,9,6,11,10,13,14,15,3058,4249,7641,11584,11831,29208,47528,73023,79864,108728,106737,103745,6,0,0,0,0,1,0,0,square,small,dynamic,0,0,1,Male,1,Yes,1,10.192982456140351,63.32271052631579,1.3080444735120995,1.1767474699929394,0.7852375343541421,0.6042817679558011,0.6761896712027724,0.30813475760065734,0.12624137350614376,0.15063747038604275,0.12521286186517078,0.11956441762931351,0.13116351405791807,0.14458528121837197,0.33527569394573786,-1.0928021186065344
4th,BS Statistics,22,10,8,4,5,6,7,8,4,10,5,5,7,10,10,6666,5886,9127,12327,19073,51847,88368,79903,89280,35856,28407,57329,6,0,0,0,0,1,0,0,square,small,dynamic,0,0,1,Female,0,Yes,1,7.2105263157894735,47.14110526315789,0.6000600060006,0.8494733265375467,0.6573901610605895,0.5678591709256104,0.4194410947412573,0.07715007618570023,0.11316313597682419,0.06257587324631116,0.05600358422939068,0.19522534582775547,0.3520259091069103,0.17443178844912696,0.27361069552069406,-1.2960490021824045
4th,BS Statistics,22,9,8,4,5,6,5,8,9,8,3,6,8,10,10,3345,2024,2624,5472,8576,11503,18817,22969,67225,58359,30849,57065,6,0,0,0,0,1,0,0,square,small,dynamic,0,0,1,Male,1,No,0,7.333333333333333,31.08543859649123,1.195814648729447,2.4703557312252964,2.2865853658536586,0.9137426900584795,0.9328358208955224,0.7824045901069286,0.4251474730297072,0.1306108232835561,0.08925251022685013,0.13708254082489418,0.32415961619501443,0.17523876281433454,0.5917823610834154,-0.5246163449968634
4th,BS Statistics,22,14,6,4,5,6,7,8,9,10,11,12,13,14,8,3242,2168,11664,7295,7968,12983,41512,44584,47519,77687,81247,206599,6,0,0,0,0,1,0,0,square,small,dynamic,0,0,1,Male,1,No,0,9.833333333333334,61.821,1.2338062924120914,2.3062730627306274,0.51440329218107,0.9595613433858807,1.0040160642570282,0.6932142031887853,0.24089419926768163,0.24672528261259644,0.25253056672068014,0.1673381646864984,0.17231405467278793,0.03872235586813102,0.4724816765725736,-0.7497563125408782
4th,BS Statistics,26,12,7,4,3,6,7,8,7,5,6,12,10,9,6,2600,3864,3280,7295,5279,4576,16961,21457,33551,28440,43808,52408,6,0,0,0,0,1,0,0,square,small,dynamic,0,0,1,Male,1,No,0,7.447368421052632,24.221771929824563,1.5384615384615385,0.7763975155279503,1.829268292682927,0.9595613433858807,1.5154385300246258,1.5297202797202798,0.2947939390366134,0.2796290254928462,0.35766445113409434,0.35161744022503516,0.2054419284149014,0.11448633796366967,0.6412254782767531,-0.4443741237324332
4th,BS Statistics,22,13,3,4,5,6,7,3,7,7,5,5,13,4,7,3481,2800,3248,3447,4010,8585,7857,7393,8752,16583,17576,18080,7,0,0,0,0,0,1,0,hex,large,dynamic,1,1,1,Male,1,Yes,1,6.385964912280702,10.339,1.1490950876185004,1.7857142857142858,1.8472906403940887,2.030751378009864,0.7481296758104738,0.81537565521258,0.8909252895507191,0.6763154335181929,0.5712979890310786,0.7839353554845323,0.2275830678197542,0.38716814159292035,0.8292676912116277,-0.1872122673920349
4th,BS Statistics,22,15,5,4,5,6,7,8,9,10,11,12,13,14,15,7049,13199,18304,25143,29216,69368,118703,89768,88001,141960,157511,210270,7,0,0,0,0,0,1,0,hex,large,dynamic,1,1,1,Female,0,Yes,1,10.75438596491228,102.39675438596491,0.5674563767910342,0.3788165770134101,0.3277972027972028,0.278407509048244,0.2738225629791895,0.12974282089724368,0.08424386915242243,0.1225380982087158,0.13636208679446823,0.09157509157509157,0.08888268120956631,0.0713368526180625,0.16464385433592627,-1.803970596480881
4th,BS Statistics,22,10,7,4,5,6,7,8,5,10,9,5,11,7,5,2698,3913,5016,5689,6790,14320,13592,20305,14993,33297,9121,9983,7,0,0,0,0,0,1,0,hex,large,dynamic,1,1,1,Male,1,No,0,7.105263157894737,13.447078947368421,1.4825796886582654,1.277791975466394,1.1961722488038278,1.230444717876604,1.1782032400589102,0.34916201117318435,0.7357268981753973,0.4432405811376508,0.3334889615153738,0.3303600925008259,0.7674597083653109,0.5008514474606831,0.6970542185521239,-0.36089208279342866
1st,BS Statistics,18,11,5.5,4,5,6,7,8,7,8,11,7,7,9,6,2204,2992,3991,4079,5064,17689,46791,65911,51703,52151,49920,33313,7,0,0,0,0,0,1,0,hex,large,dynamic,1,1,1,Male,1,Yes,1,7.412280701754386,34.788535087719296,1.8148820326678765,1.6711229946524064,1.5033826108744675,1.7161068889433684,1.5797788309636651,0.3957261574990107,0.17097305037293498,0.1668917176192138,0.13538866216660542,0.13422561408218442,0.18028846153846154,0.18010986701888151,0.5700769811439859,-0.5619838726340262
2nd,BS Statistics,19,12,6,2,5,6,7,8,9,8,11,12,7,12,6,6621,15872,23241,24705,57087,60215,84079,73519,80423,78880,100455,170728,7,0,0,0,0,0,1,0,hex,large,dynamic,1,1,1,Female,0,Yes,1,8.394736842105264,79.15930701754387,0.30206917384080956,0.31502016129032256,0.258164450755131,0.28334345274235984,0.14013698390176396,0.14946441916465997,0.09514861023561175,0.14962118635998858,0.1492110465911493,0.08874239350912778,0.11945647304763327,0.035143620261468535,0.1449394015162767,-1.9314395444921078
1st,BS Statistics,19,14,4,4,5,6,7,8,9,10,11,5,13,14,10,2920,3953,5329,6568,12600,31760,63432,87368,57561,80839,127249,148985,7,0,0,0,0,0,1,0,hex,large,dynamic,1,1,1,Male,1,Yes,1,9.359649122807017,68.8535350877193,1.36986301369863,1.2648621300278269,1.125914805779696,1.0657734470158344,0.6349206349206349,0.28337531486146095,0.15764913608273426,0.12590422122516254,0.08686436997272459,0.16081346874652086,0.11002051096668736,0.06712085109239185,0.3709727528898421,-0.991626661417162
2nd,BS Statistics,NA,12,6,4,3,6,7,6,7,6,9,12,9,3,7,4802,3521,2848,3183,3712,7745,15353,12895,19320,23320,42896,106912,7,0,0,0,0,0,1,0,hex,large,dynamic,1,1,1,Female,0,Yes,1,6.964912280701754,28.159491228070177,0.8329862557267805,0.8520306731042318,2.106741573033708,2.199183160540371,1.6163793103448276,0.9038089089735313,0.3908031003712629,0.6979449398991857,0.6211180124223602,0.38593481989708406,0.06993659082431929,0.06547440885962287,0.7255207646377406,-0.3208655859265472
3rd,BS Statistics,21,14,3,4,5,6,7,8,9,10,11,12,13,14,11,2972,7009,9176,10032,24888,68055,121558,118217,104944,137424,161664,261297,7,0,0,0,0,0,1,0,hex,large,dynamic,1,1,1,Female,0,Yes,1,10.228070175438596,111.65236842105263,1.3458950201884252,0.713368526180625,0.6538796861377506,0.6977671451355661,0.3214400514304082,0.13224597751818382,0.08226525609174222,0.09304922303898762,0.11434669919195,0.0945977412970078,0.08659936658749011,0.04209768960225337,0.24396304009919878,-1.4107385401657158
4th,BS Statistics,23,13,4,4,5,6,7,8,9,10,11,12,13,8,3,1929,8087,9999,11119,35280,57272,77223,62033,67809,94192,126487,32704,7,0,0,0,0,0,1,0,hex,large,dynamic,1,1,1,Female,0,No,0,8.43859649122807,59.10386842105263,2.0736132711249353,0.6182762458266353,0.6000600060006,0.6295530173576761,0.22675736961451248,0.1571448526330493,0.12949509861051758,0.17732497219222026,0.17696765916028845,0.13801596738576524,0.06324760647339252,0.09173189823874756,0.2811071774747413,-1.269019267867553
2nd,BS Statistics,23,14,5,4,5,6,7,8,9,6,7,8,13,14,9,2477,2087,5296,4408,5503,6600,23073,22616,47087,30103,48112,66368,7,0,0,0,0,0,1,0,hex,large,dynamic,1,1,1,Female,0,Yes,1,8.807017543859649,28.871719298245615,1.6148566814695196,2.3957834211787254,1.1329305135951662,1.588021778584392,1.453752498637107,1.3636363636363635,0.26004420751527757,0.309515387336399,0.16989827340879649,0.4318506461150052,0.2909876953774526,0.13560752169720347,0.7019361070373136,-0.3539128947148609
2nd,BS Statistics,21,13,6,4,5,6,7,8,9,6,11,12,13,12,4,3626,4640,8056,9047,16906,53352,71111,34383,33872,53184,117279,86209,7,0,0,0,0,0,1,0,hex,large,dynamic,1,1,1,Male,1,Yes,1,8.710526315789474,51.640394736842104,1.1031439602868174,1.0775862068965518,0.7447864945382324,0.7737371504366088,0.4732047793682716,0.16869095816464239,0.0843751318361435,0.31992554460052935,0.35427491733585265,0.2444344163658243,0.10232010845931497,0.04639886786762403,0.3413121580749265,-1.074957800865025
4th,BS Statistics,22,15,5,4,5,6,7,8,6,10,11,12,13,14,15,2596,4240,4416,7472,11072,22008,71552,51145,66448,75745,131122,216960,7,0,0,0,0,0,1,0,hex,large,dynamic,1,1,1,Female,0,No,0,10.517543859649123,74.97645614035088,1.5408320493066257,1.179245283018868,1.358695652173913,0.936830835117773,0.7225433526011561,0.27262813522355506,0.13975849731663686,0.21507478736924432,0.1805923428846617,0.17162849032939467,0.10677079361205595,0.06913716814159292,0.4008515716213051,-0.9141640657791335
3rd,BS Statistics,20,15,7,4,5,6,7,8,9,10,11,12,13,14,15,4595,7841,10703,7496,10080,50263,111463,100808,147039,183216,331424,304911,7,0,0,0,0,0,1,0,hex,large,dynamic,1,1,1,Female,0,No,0,10.75438596491228,142.9006754385965,0.8705114254624592,0.6376737661012626,0.5605904886480426,0.9338313767342583,0.7936507936507936,0.17905815410938464,0.08971586984021604,0.10911832394254424,0.08161100116295676,0.07095450179023666,0.04224196195809597,0.049194683038657185,0.26192995920672746,-1.3396781422324469
1st,BS Statistics,19,9,5,2,5,4,7,6,9,8,7,10,3,3,8,11917,5025,7768,10617,9352,14080,19759,20777,34208,43057,32472,61319,7,0,0,0,0,0,1,0,hex,large,dynamic,1,1,1,Female,0,Yes,1,6.254385964912281,27.77213157894737,0.1678274733573886,0.9950248756218906,0.5149330587023687,0.6593199585570312,0.6415739948674081,0.6392045454545454,0.40487878941241967,0.336911007363912,0.2923292797006548,0.06967508186822119,0.09238728750923873,0.13046527177546927,0.3478565149058417,-1.055965197721202
2nd,BS Statistics,20,14,4,4,3,6,7,8,9,8,9,12,13,14,13,9913,4817,4504,6512,30558,105919,205904,104480,130336,286527,362544,415791,7,0,0,0,0,0,1,0,hex,large,dynamic,1,1,1,Male,1,No,0,10.035087719298245,185.47161403508773,0.40351054171290224,0.6227942702927133,1.3321492007104796,1.074938574938575,0.2617972380391387,0.08497059073442914,0.03885305773564379,0.08614088820826953,0.09206972747360667,0.045370942354472706,0.03861600247142416,0.03126570801195793,0.23811351711218584,-1.4350077563649515
3rd,BS Statistics,21,9,7,4,5,6,7,8,9,8,6,5,5,9,8,5478,3544,4432,10857,11503,26015,42639,21384,16944,41288,83903,60944,7,0,0,0,0,0,1,0,hex,large,dynamic,1,1,1,Male,1,Yes,1,6.912280701754386,34.7269298245614,0.7301935012778387,1.4108352144469527,1.3537906137184115,0.6447453255963894,0.6954707467617144,0.34595425715933115,0.1876216609207533,0.28058361391694725,0.29508970727101036,0.12110056190660724,0.10726672467015483,0.13126804935678657,0.3933073716440785,-0.9331638566636313
1st,BS Statistics,19,9,3,4,5,6,7,8,9,7,5,7,9,6,3,3410,4608,6384,11113,9703,35856,45992,26864,33505,61560,36735,48710,7,0,0,0,0,0,1,0,hex,large,dynamic,1,1,1,Female,0,Yes,1,6.368421052631579,32.94567543859649,1.1730205278592376,1.0850694444444444,0.9398496240601504,0.6298929182039054,0.8244872719777389,0.25100401606425704,0.15220038267524788,0.18612269207861823,0.2089240411878824,0.14619883040935672,0.16333197223356472,0.06158899609936358,0.3527036939280833,-1.0421269685086603
3rd,BS Computer Engineering,22,13,2,4,5,6,7,8,9,10,11,12,13,8,13,2569,2664,4247,4183,3671,10721,49702,41159,90344,72768,143966,162217,7,0,0,0,0,0,1,0,hex,large,dynamic,1,1,1,Male,1,No,0,9.75438596491228,66.95505263157895,1.5570260801868432,1.8768768768768769,1.4127619496114905,1.6734401147501794,2.179242713157178,0.8394739296707396,0.20119914691561708,0.2672562501518501,0.1328256442043744,0.17864995602462622,0.0555686759373741,0.0801395661367181,0.6284260580098177,-0.4645369062264574
1st,BS Statistics,19,12,2,4,5,6,7,8,9,10,11,12,6,12,13,3705,2664,3088,3720,7352,8567,48289,50751,80136,92776,64320,213760,7,0,0,0,0,0,1,0,hex,large,dynamic,1,1,1,Male,1,No,0,9.447368421052632,66.00331578947367,1.0796221322537112,1.8768768768768769,1.9430051813471503,1.881720430107527,1.088139281828074,1.0505427804365588,0.20708650003106296,0.2167444976453666,0.1497454327643007,0.0646718979046305,0.1865671641791045,0.06081586826347305,0.5904373592420129,-0.5268917298488951
2nd,BS Statistics,20,10,6,4,5,6,7,8,9,10,6,6,5,6,4,2986,4744,4912,5078,7399,17967,49224,60671,18800,54095,58671,19775,7,0,0,0,0,0,1,0,hex,large,dynamic,1,1,1,Male,1,No,0,6.298245614035087,30.947824561403507,1.3395847287340925,1.0539629005059021,1.221498371335505,1.3784954706577393,1.0812271928639006,0.5009183503088996,0.20315293352836014,0.09889403504145308,0.3191489361702128,0.09242998428690267,0.10226517359513218,0.202275600505689,0.4682568581070478,-0.7587382915141581
2ND,BS STAT,NA,7,6,4,5,6,7,5,7,7,8,6,4,6,7,7810,8447,9047,7184,8256,12336,25038,25856,14319,9719,7026,15279,7,0,0,0,0,0,1,0,hex,large,dynamic,1,1,1,Male,1,Yes,1,6.140350877192983,13.295061403508772,0.5121638924455826,0.5919261276192731,0.6632032718028076,0.9743875278396437,0.6056201550387597,0.5674448767833982,0.2795750459301861,0.3094059405940594,0.4190236748376283,0.4115649758205577,0.8539709649871904,0.4581451665684927,0.5365420987968164,-0.6226102506575711
1st,BA Political Science,19,11,5,4,5,6,7,6,7,3,11,5,6,5,6,8154,2352,1288,2160,3681,4503,7800,5727,10928,12145,13271,21712,7,0,0,0,0,0,1,0,hex,large,dynamic,1,1,1,Male,1,No,0,6.017543859649122,9.462201754385966,0.4905567819475104,2.1258503401360542,4.658385093167702,3.240740740740741,1.6299918500407498,1.554519209415945,0.38461538461538464,1.9207263837960538,0.4575402635431918,0.49403046521202143,0.37676135935498456,0.2763448784082535,1.1979336644123668,0.18059812621724244
3rd,BS HRIM,21,8,7,4,5,6,7,8,2,5,3,8,5,5,5,3458,3727,4921,3737,8400,36672,21279,16985,21775,23687,26152,21377,7,0,0,0,0,0,1,0,hex,large,dynamic,1,1,1,Female,0,No,0,5.2368421052631575,18.781043859649124,1.156737998843262,1.3415615776764154,1.219264377159114,1.8731602890018733,0.9523809523809523,0.054537521815008726,0.23497344800037595,0.1766264350897851,0.36739380022962115,0.2110862498416853,0.19118996635056593,0.23389624362632735,0.5044116560096247,-0.6843625664953588
4th,BS Statistics,21,9,6,4,5,6,7,8,9,7,4,4,6,5,4,4352,5872,6424,6696,4863,36808,57888,49113,81672,48663,21536,12895,7,0,0,0,0,0,1,0,hex,large,dynamic,1,1,1,Female,0,No,0,5.62280701754386,32.711359649122805,0.9191176470588235,0.8514986376021798,0.933997509339975,1.045400238948626,1.645075056549455,0.24451206259508804,0.12092316196793809,0.08144483130739315,0.04897639337839162,0.12329696072991801,0.23216939078751858,0.31019775106630476,0.42470174764726343,-0.856368126655453
4th,BS Statistics,22,12,6,4,5,6,7,6,7,7,11,12,11,9,9,2306,3752,2360,3208,3272,10944,25281,21519,28630,49848,76191,130640,7,0,0,0,0,0,1,0,hex,large,dynamic,1,1,1,Male,1,No,0,8.56140350877193,41.19867543859649,1.7346053772766696,1.3326226012793176,2.542372881355932,2.1820448877805485,1.8337408312958434,0.6396198830409356,0.27688778133776354,0.5111761698963706,0.41914076143904994,0.22067083935162896,0.11812418789620821,0.06889161053276179,0.7327537731180149,-0.31094555014746333
2nd,BS Statistics,19,15,8,4,5,6,7,8,9,7,11,12,11,7,15,2681,2473,2520,5879,7504,16135,30736,39657,34168,53369,69327,58544,8,0,0,0,0,0,0,1,square,large,dynamic,0,1,1,Female,0,No,0,9.403508771929825,34.91883333333334,1.4919806042521446,2.0218358269308534,2.380952380952381,1.1906786868515054,1.0660980810234542,0.5577936163619461,0.22774596564289432,0.2773785208159972,0.35120580660266915,0.20611216249133393,0.10097076175227544,0.25621754577753486,0.6116306918333507,-0.49162662333260165
2nd,BS Statistics,19,9,8,4,5,6,5,8,9,4,8,10,7,4,7,7985,4049,2279,3974,6607,10850,15640,10567,27927,29904,40512,16393,8,0,0,0,0,0,0,1,square,large,dynamic,0,1,1,Male,1,No,0,6.640350877192983,18.015429824561405,0.5009392611145899,1.2348728081007656,2.6327336551118914,1.2581781580271767,1.2108369910700771,0.8294930875576036,0.2557544757033248,0.7570739093403993,0.3580764135066423,0.2340823970037453,0.09873617693522907,0.4270115293112914,0.6661993784041353,-0.4061662862699229
4th,BS Statistics,22,15,5,4,5,6,7,8,9,10,11,12,13,14,15,2516,3408,2128,4744,9406,15809,53961,85145,60240,151248,218520,172438,8,0,0,0,0,0,0,1,square,large,dynamic,0,1,1,Male,1,No,0,10.75438596491228,88.612,1.589825119236884,1.4671361502347418,2.819548872180451,1.4755480607082632,0.850520944078248,0.56929597064963,0.18531902670447176,0.12919137941159198,0.199203187250996,0.08595154977255898,0.06406736225517115,0.08698778691471717,0.5425684726715355,-0.6114409846261497
3rd,BS Statistics,21,15,5,4,5,6,7,8,2,5,9,4,11,7,15,6704,5632,5872,11536,31760,28176,57502,92921,62464,104513,116823,71521,8,0,0,0,0,0,0,1,square,large,dynamic,0,1,1,Female,0,Yes,1,7.640350877192983,62.213587719298246,0.5966587112171837,0.8877840909090909,1.021798365122616,0.6067961165048543,0.2518891687657431,0.0709823963657013,0.08695349726966019,0.09685646947406937,0.06403688524590163,0.10525006458526691,0.05991970759182695,0.2097286111771368,0.2448625254080211,-1.40705834670818
2nd,BS Statistics,19,9,4,4,5,6,7,6,9,6,8,7,5,10,10,5554,4398,4489,10071,12497,15191,32343,52985,42415,54512,66145,93967,8,0,0,0,0,0,0,1,square,large,dynamic,0,1,1,Female,0,Yes,1,7.385964912280702,42.43656140350877,0.7202016564638098,1.1368804001819008,1.3366005791935842,0.6950650382285771,0.4801152276546371,0.5924560595089198,0.18551154809386886,0.15098612814947626,0.1650359542614641,0.09172292339301438,0.15118300703000984,0.10642033905520024,0.35986801102124116,-1.022017950811519
3rd,BS Statistics,21,13,6,2,5,6,7,8,9,10,8,12,13,7,11,5545,3559,6665,7032,12000,11888,33440,45968,49712,77480,81824,96176,8,0,0,0,0,0,0,1,square,large,dynamic,0,1,1,Male,1,Yes,1,9.008771929824562,47.054289473684214,0.3606853020739405,1.4048890137679124,0.900225056264066,0.9954493742889647,0.6666666666666666,0.7570659488559892,0.29904306220095694,0.1740341106856944,0.2413904087544255,0.16778523489932887,0.085549472037544,0.11437364831142904,0.4024526775374855,-0.9101777603710101
1st,BS Statistics,19,9,8,4,5,6,7,6,9,6,9,7,4,8,6,2284,2655,2223,2631,4433,8560,10608,11672,14320,24999,16353,20376,8,0,0,0,0,0,0,1,square,large,dynamic,0,1,1,Female,0,No,0,6.5964912280701755,12.566236842105264,1.7513134851138354,1.8832391713747645,2.699055330634278,2.66058532877233,1.3534852244529665,1.0514018691588785,0.5656108597285068,0.7710760795065114,0.4888268156424581,0.16000640025601023,0.48920687335657065,0.2944640753828033,0.9200016273791504,-0.08337984005023472
1st,BS Statistics,19,6,6,4,5,6,5,6,7,7,8,2,6,7,3,5100,2488,3985,4073,5168,12937,29752,16512,36264,19168,88008,72975,8,0,0,0,0,0,0,1,square,large,dynamic,0,1,1,Male,1,Yes,1,5.491228070175438,32.74806140350877,0.7843137254901961,2.009646302250804,1.5056461731493098,1.2275963663147558,1.1609907120743035,0.5410837133802272,0.23527830061844582,0.4844961240310077,0.05515111405250386,0.31302170283806346,0.07953822379783657,0.041109969167523124,0.5185415585970474,-0.6567351029390879
3rd,BS Statistics,21,9,6,4,5,6,7,8,9,5,9,4,5,2,6,8930,6144,5327,5552,9864,12312,49513,45600,47055,61014,58680,50328,8,0,0,0,0,0,0,1,square,large,dynamic,0,1,1,Male,1,Yes,1,5.7105263157894735,37.35085964912281,0.4479283314669653,0.8138020833333334,1.1263375258119017,1.260806916426513,0.8110300081103001,0.7309941520467836,0.10098358006988063,0.19736842105263158,0.08500690681117841,0.08194840528403317,0.03408316291751875,0.11921793037672866,0.368801040042943,-0.9974979672306188
4th,BS Statistics,23,15,5,4,5,6,7,6,6,10,11,12,11,12,15,5481,4145,4063,6480,3602,10288,29263,42288,39040,68791,76600,95727,8,0,0,0,0,0,0,1,square,large,dynamic,0,1,1,Male,1,Yes,1,9.903508771929825,42.65492105263158,0.7297938332421091,1.2062726176115801,1.4767413241447207,1.0802469135802468,1.665741254858412,0.583203732503888,0.3417284625636469,0.26012107453651157,0.3073770491803279,0.15990463868820048,0.1566579634464752,0.15669560312137643,0.5310265374217422,-0.6329432826768403
3rd,BS Statistics,23,14,4,4,5,6,7,8,9,8,9,12,8,14,7,2419,2671,2048,3823,4024,7399,31495,18296,43824,31432,59871,32704,8,0,0,0,0,0,0,1,square,large,dynamic,0,1,1,Male,1,No,0,8.763157894736842,25.792342105263156,1.6535758577924762,1.8719580681392738,2.9296875,1.8310227569971227,1.9880715705765408,1.2163805919718882,0.25400857278933164,0.49191080017490163,0.2738225629791895,0.2545176889793841,0.233836080907284,0.21404109589041095,0.8267666910224833,-0.19023273860617326
1st,BS Statistics,19,15,10,4,5,6,7,8,7,5,6,7,5,7,15,2526,2112,2888,3321,4529,7704,17151,13929,34969,23009,47480,45087,8,0,0,0,0,0,0,1,square,large,dynamic,0,1,1,Female,0,Yes,1,7.37719298245614,22.37987719298246,1.5835312747426762,2.367424242424242,2.0775623268698062,2.1077988557663354,1.7663943475380879,0.9086188992731049,0.291528190776048,0.43075597673917726,0.200177299894192,0.2173062714589943,0.14743049705139005,0.3326901324106727,0.7687282707097014,-0.26301772600437096
1st,BS Statistics,20,13,4.5,4,5,6,7,6,9,7,9,12,13,7,13,4082,4729,3256,5159,5088,13039,16888,31736,35376,40833,69344,119152,8,0,0,0,0,0,0,1,square,large,dynamic,0,1,1,Male,1,No,0,9.035087719298245,39.342894736842105,0.9799118079372856,1.0573059843518715,1.8427518427518428,1.3568521031207599,1.179245283018868,0.6902369813636015,0.4144954997631454,0.2835896143181245,0.33921302578018997,0.3183699458771092,0.1009460083064144,0.10910433731704042,0.5607926628528874,-0.5784040267052486
1st,BS Statistics,19,15,5.5,4,5,6,7,8,9,8,11,12,11,14,15,4898,5280,4400,10064,11424,10880,22769,34704,35015,50776,55743,82111,8,0,0,0,0,0,0,1,square,large,dynamic,0,1,1,Female,0,Yes,1,10.350877192982455,35.38527192982456,0.8166598611678236,0.946969696969697,1.3636363636363635,0.6955484896661367,0.7002801120448179,0.8272058823529411,0.35135491238086874,0.3169663439372983,0.3427102670284164,0.21663778162911612,0.2511526110901817,0.18267954354471386,0.47618037155796195,-0.7419585646827989
4th,BS Statistics,21,10,7,4,5,6,7,8,9,10,9,8,10,5,9,3313,2545,2999,3247,6337,13168,27329,32927,30185,55584,53985,70744,8,0,0,0,0,0,0,1,square,large,dynamic,0,1,1,Male,1,Yes,1,7.9035087719298245,33.09786842105263,1.2073649260488983,1.9646365422396856,2.0006668889629875,2.15583615645211,1.262427015938141,0.6834750911300121,0.36591166892312194,0.27333191605673157,0.2650323008116614,0.17990788716177317,0.09261831990367694,0.1272192694786837,0.6437551949258065,-0.4404367572490912
3rd,BS Statistics,21,15,4,2,5,6,7,6,4,8,6,10,9,8,15,2297,7241,4465,4849,5368,12784,41632,54528,44752,61080,64208,125423,8,0,0,0,0,0,0,1,square,large,dynamic,0,1,1,Female,0,Yes,1,8.087719298245615,47.29451754385965,0.87070091423596,0.6905123601712471,1.343784994400896,1.4435966178593524,1.1177347242921014,0.31289111389236546,0.1921598770176787,0.11003521126760564,0.22345370039327853,0.14734774066797643,0.124595066035385,0.11959528954019598,0.4221786049448319,-0.8623268200181428
2nd,BS Statistics,20,7,6,2,3,4,7,6,4,6,7,7,1,4,2,2874,19272,4815,7216,8416,21392,31503,56896,22488,26664,16585,22984,8,0,0,0,0,0,0,1,square,large,dynamic,0,1,1,Female,0,No,0,4.385964912280702,22.64419298245614,0.6958942240779401,0.15566625155666253,0.8307372793354102,0.9700665188470067,0.7129277566539924,0.1869857890800299,0.19045805161413198,0.12303149606299213,0.31127712557808607,0.0375037503750375,0.2411817907747965,0.0870170553428472,0.3060148574791702,-1.1841216243549593
2nd,BS Statistics,20,15,5,4,5,6,7,6,9,10,11,5,11,14,15,5442,4751,4791,6024,14008,17088,46080,76400,44377,113824,163968,128712,8,0,0,0,0,0,0,1,square,large,dynamic,0,1,1,Female,0,Yes,1,9.649122807017545,69.49088596491228,0.735023888276369,1.0524100189433803,1.2523481527864746,1.1620185922974768,0.42832667047401485,0.526685393258427,0.2170138888888889,0.14397905759162305,0.11267097820943281,0.09664042732639865,0.08538251366120218,0.1165392504195413,0.36248137173197015,-1.0147821943334323
3rd,BS Statistics,20,7,0,2,5,6,7,6,7,3,6,5,11,11,4,3931,8688,5894,10985,18904,17992,28937,32552,72392,79640,133776,84376,8,0,0,0,0,0,0,1,square,large,dynamic,0,1,1,Female,0,No,0,6.508771929824562,54.16274561403508,0.5087763927753752,0.5755064456721916,1.017984390906006,0.6372325898953118,0.31739314430808296,0.38906180524677636,0.10367349759823064,0.18432047186040795,0.06906840534865731,0.13812154696132597,0.08222700633895468,0.0474068455484972,0.2550246981487024,-1.3663948830287933
1st,BS Statistics,19,14,4,4,5,6,7,8,9,10,8,10,9,14,13,1499,1880,2216,2543,5432,14025,30144,50816,51343,87098,85839,87864,8,0,0,0,0,0,0,1,square,large,dynamic,0,1,1,Male,1,No,0,9.535087719298245,46.883210526315786,2.66844563042028,2.6595744680851063,2.707581227436823,2.752654345261502,1.4727540500736378,0.6417112299465241,0.3317409766454352,0.1574307304785894,0.1947685176168124,0.10333187903281361,0.1630960286117033,0.14795593189474643,0.7918905608175275,-0.23333207750150567
2nd,BS Statistics,20,7,4,4,5,6,7,6,7,4,3,6,5,9,11,2178,1336,1480,2232,3088,3216,14425,16296,23055,34585,82047,76200,8,0,0,0,0,0,0,1,square,large,dynamic,0,1,1,Female,0,No,0,6.473684210526316,30.13134210526316,1.8365472910927456,3.7425149700598803,4.054054054054054,3.1362007168458783,1.9430051813471503,2.1766169154228856,0.2772963604852686,0.18409425625920472,0.26024723487312945,0.14457134595923088,0.10969322461515961,0.14435695538057744,1.0611538707146615,0.059356873353098374
4th,BS Statistics,22,9,8,4,5,4,7,8,9,3,6,9,2,4,1,5947,2345,1696,5248,5625,7569,17208,12095,15440,15247,6120,2776,8,0,0,0,0,0,0,1,square,large,dynamic,0,1,1,Male,1,Yes,1,4.912280701754386,8.872649122807017,0.6726080376660502,2.1321961620469083,2.358490566037736,1.333841463414634,1.4222222222222223,1.1890606420927468,0.17433751743375175,0.49607275733774286,0.582901554404145,0.1311733455761789,0.6535947712418301,0.36023054755043227,0.7839702001638154,-0.24338426934926086
1st,BS Tourism,18,11,0,4,5,6,7,6,7,10,11,10,11,9,4,2993,4064,4559,11583,12839,22231,38800,45776,82743,61088,60640,128039,8,0,0,0,0,0,0,1,square,large,dynamic,0,1,1,Female,0,Yes,1,7.956140350877193,51.68121929824561,1.3364517206815905,1.2303149606299213,1.3160780872998465,0.604333937667271,0.46732611574110133,0.31487562412846926,0.25773195876288657,0.24030059419783292,0.120856144930689,0.18006809848088004,0.14841688654353563,0.031240481415818616,0.3662711060745833,-1.0043814928038663
4th,BS Statistics,22,8,6,4,5,6,7,8,6,2,5,10,11,6,6,2530,3288,3408,5798,7214,11408,19992,36480,39065,41016,44112,56319,8,0,0,0,0,0,0,1,square,large,dynamic,0,1,1,Male,1,No,0,6.631578947368421,29.065956140350877,1.5810276679841897,1.5206812652068127,1.7605633802816902,1.2073128665056916,1.1089548100914888,0.5259467040673211,0.10004001600640255,0.13706140350877194,0.2559836170485089,0.26818802418568366,0.13601741022850924,0.10653598252809887,0.5185601136957521,-0.6566993203360851
4th,BS Statistics,21,8,5,4,5,6,7,8,7,8,8,5,7,6,9,6835,4097,3295,6056,5369,9775,18535,8607,14855,19490,19848,33448,8,0,0,0,0,0,0,1,square,large,dynamic,0,1,1,Male,1,No,0,6.93859649122807,15.194412280701753,0.5852231163130943,1.22040517451794,1.8209408194233687,1.1558784676354028,1.490035388340473,0.7161125319693095,0.4316158618829242,0.9294760079005461,0.3365870077415012,0.35915854284248333,0.3022974607013301,0.2690743841186319,0.6784367411356257,-0.3879640374573639
